,Query,Query Length,Time Taken,Search Successful,Position Placed
0,A,1,0.01015,True,3097
1,AA,2,0.01134,True,780
2,AAA,3,0.00927,True,4732
3,AAAA,4,0.00853,True,1477
4,AAAAA,5,0.00851,True,3068
5,AAAAAA,6,0.00852,True,1305
6,AAAAAAA,7,0.0085,True,1507
7,AAAAAAAA,8,0.00854,True,2828
8,AAAAAAAAA,9,0.00847,True,4695
9,AAAAAAAAAA,10,0.00843,True,3791
10,AAAAAAAAAB,10,0.00918,True,1659
11,AAAAAAAAB,9,0.00845,True,1590
12,AAAAAAAABB,10,0.01113,True,4166
13,AAAAAAAB,8,0.00832,True,4259
14,AAAAAAABB,9,0.01468,True,2327
15,AAAAAAABBB,10,0.00851,True,681
16,AAAAAAB,7,0.00827,True,3143
17,AAAAAABB,8,0.0087,True,2412
18,AAAAAABBB,9,0.00833,True,1382
19,AAAAAABBBB,10,0.00827,True,143
20,AAAAAB,6,0.00827,True,1961
21,AAAAABB,7,0.00861,True,4010
22,AAAAABBB,8,0.00832,True,4018
23,AAAAABBBB,9,0.01075,True,1409
24,AAAAABBBBB,10,0.00845,True,4034
25,AAAAB,5,0.00857,True,3626
26,AAAABB,6,0.00927,True,3933
27,AAAABBB,7,0.0095,True,1058
28,AAAABBBB,8,0.00841,True,2024
29,AAAABBBBB,9,0.00892,True,4609
30,AAAABBBBBB,10,0.00827,True,1832
31,AAAAGG,6,0.00906,True,188
32,AAAAGGG,7,0.00957,True,4051
33,AAAAGGGG,8,0.00856,True,1191
34,AAAAGGGGC,9,0.01196,True,3432
35,AAAAGGGGCC,10,0.00827,True,3172
36,AAAAGGGGCCC,11,0.01657,True,2517
37,AAAAGGGGCCCC,12,0.01133,True,2102
38,AAAAGGGGCCCCT,13,0.00841,True,4295
39,AAAAGGGGCCCCTT,14,0.00849,True,4801
40,AAAAGGGGCCCCTTT,15,0.00831,True,928
41,AAAB,4,0.0084,True,154
42,AAABB,5,0.00852,True,969
43,AAABBB,6,0.00824,True,4328
44,AAABBBB,7,0.01117,True,2187
45,AAABBBBB,8,0.01431,True,3680
46,AAABBBBBB,9,0.00825,True,4704
47,AAABBBBBBB,10,0.00997,True,2258
48,AAACAAAAGAA,11,0.00866,True,3478
49,AAACAAAAGAAA,12,0.00881,True,437
50,AAACAAAAGAAAT,13,0.00853,True,3838
51,AAACAAAAGAAATA,14,0.00897,True,2994
52,AAACAAAAGAAATAA,15,0.00836,True,2184
53,AAACAAAAGAAATAAA,16,0.00962,True,3484
54,AAACAAAAGAAATAAAC,17,0.00836,True,1950
55,AAACAAAAGAAATAAACA,18,0.00972,True,4640
56,AAACAAAAGAAATAAACAA,19,0.00855,True,4828
57,AAACAAAAGAAATAAACAAA,20,0.00859,True,870
58,AAACAAATAAA,11,0.01142,True,3781
59,AAACAAATAAAG,12,0.00827,True,3405
60,AAACAAATAAAGA,13,0.00941,True,1332
61,AAACAAATAAAGAA,14,0.00868,True,1070
62,AAACAAATAAAGAAA,15,0.01307,True,2714
63,AAACAAATAAAGAAAA,16,0.00834,True,1670
64,AAACAAATAAAGAAAAC,17,0.00842,True,3591
65,AAACAAATAAAGAAAACA,18,0.01122,True,435
66,AAACAAATAAAGAAAACAA,19,0.00826,True,1122
67,AAACAAATAAAGAAAACAAA,20,0.00898,True,3269
68,AAAG,4,0.00843,True,3383
69,AAAGG,5,0.0083,True,4802
70,AAAGGG,6,0.0083,True,3338
71,AAAGGGC,7,0.00887,True,150
72,AAAGGGCC,8,0.00826,True,4765
73,AAAGGGCCC,9,0.00849,True,3668
74,AAAGGGCCCT,10,0.00826,True,3070
75,AAAGGGCCCTT,11,0.01337,True,4174
76,AAAGGGCCCTTT,12,0.01041,True,2971
77,AAB,3,0.00816,True,3086
78,AABB,4,0.01412,True,4405
79,AABBB,5,0.00843,True,1050
80,AABBBB,6,0.00818,True,306
81,AABBBBB,7,0.00863,True,3211
82,AABBBBBB,8,0.00841,True,1059
83,AABBBBBBB,9,0.00829,True,4251
84,AABBBBBBBB,10,0.01416,True,4713
85,AACCGGT,7,0.00839,True,4187
86,AACCGGTT,8,0.00822,True,4455
87,AACCGGTTA,9,0.01375,True,2067
88,AACCGGTTAA,10,0.00829,True,2975
89,AACCGGTTAAC,11,0.00821,True,324
90,AACCGGTTAACC,12,0.01025,True,603
91,AACCGGTTAACCG,13,0.00822,True,912
92,AACCGGTTAACCGG,14,0.00823,True,4752
93,AACCGGTTAACCGGT,15,0.00824,True,2794
94,AACCGGTTAACCGGTT,16,0.00844,True,2835
95,AB,2,0.00793,True,1541
96,ABA,3,0.00815,True,1462
97,ABAB,4,0.00792,True,4684
98,ABABA,5,0.01211,True,4227
99,ABABAB,6,0.00805,True,3509
100,ABABABA,7,0.00798,True,4907
101,ABABABAB,8,0.00824,True,3655
102,ABABABABA,9,0.00794,True,4410
103,ABABABABAB,10,0.008,True,660
104,ABB,3,0.01233,True,3626
105,ABBB,4,0.00814,True,107
106,ABBBB,5,0.00793,True,4602
107,ABBBBB,6,0.00803,True,2087
108,ABBBBBB,7,0.00803,True,1196
109,ABBBBBBB,8,0.00803,True,3535
110,ABBBBBBBB,9,0.00896,True,4691
111,ABBBBBBBBB,10,0.00796,True,1026
112,ABC,3,0.00792,True,4006
113,ABCA,4,0.00902,True,3446
114,ABCAB,5,0.00793,True,1151
115,ABCABC,6,0.00899,True,1768
116,ABCABCA,7,0.00792,True,354
117,ABCABCAB,8,0.00798,True,4193
118,ABCABCABC,9,0.00907,True,4880
119,ABCABCABCA,10,0.00801,True,1410
120,ABCD,4,0.00828,True,2009
121,ABCDA,5,0.0081,True,664
122,ABCDAB,6,0.00815,True,34
123,ABCDABC,7,0.0081,True,3085
124,ABCDABCD,8,0.00793,True,1409
125,ABCDABCDA,9,0.00953,True,3179
126,ABCDABCDAB,10,0.00793,True,3616
127,ABCDE,5,0.00814,True,2187
128,ABCDEA,6,0.00793,True,1121
129,ABCDEAB,7,0.00806,True,4693
130,ABCDEABC,8,0.00815,True,387
131,ABCDEABCD,9,0.00805,True,2177
132,ABCDEABCDE,10,0.00904,True,3644
133,ABCDEF,6,0.00803,True,2249
134,ABCDEFA,7,0.00795,True,462
135,ABCDEFAB,8,0.00811,True,324
136,ABCDEFABC,9,0.00798,True,1985
137,ABCDEFABCD,10,0.00943,True,3747
138,ABCDEFG,7,0.00795,True,499
139,ABCDEFGA,8,0.00794,True,3772
140,ABCDEFGAB,9,0.00794,True,1932
141,ABCDEFGABC,10,0.00794,True,2625
142,ABCDEFGH,8,0.00801,True,884
143,ABCDEFGHA,9,0.00794,True,4481
144,ABCDEFGHAB,10,0.00794,True,4052
145,ABCDEFGHI,9,0.00833,True,4927
146,ABCDEFGHIA,10,0.008,True,2866
147,ABCDEFGHIJ,10,0.00916,True,3507
148,AC,2,0.00819,True,20
149,ACA,3,0.00848,True,4288
150,ACAC,4,0.00828,True,2027
151,ACACA,5,0.00829,True,4841
152,ACACAC,6,0.00902,True,1580
153,ACACACA,7,0.00848,True,255
154,ACACACAC,8,0.00846,True,386
155,ACACACACA,9,0.00866,True,4562
156,ACACACACAC,10,0.00827,True,4943
157,ACACACACACA,11,0.00857,True,3168
158,ACACACACACAC,12,0.00822,True,2131
159,ACB,3,0.00833,True,1709
160,ACBA,4,0.0081,True,531
161,ACBAC,5,0.00836,True,427
162,ACBACB,6,0.00809,True,4245
163,ACBACBA,7,0.00809,True,2577
164,ACBACBAC,8,0.0091,True,4582
165,ACBACBACB,9,0.00811,True,4401
166,ACBACBACBA,10,0.0091,True,3185
167,ACC,3,0.00826,True,1573
168,ACCA,4,0.00816,True,4055
169,ACCAC,5,0.00934,True,2896
170,ACCACC,6,0.00814,True,3872
171,ACCACCA,7,0.00946,True,4935
172,ACCACCAC,8,0.00815,True,4894
173,ACCACCACC,9,0.00844,True,3180
174,ACCACCACCA,10,0.00815,True,1565
175,ACCACCACCAC,11,0.00827,True,473
176,ACCACCACCACC,12,0.00847,True,3764
177,ACCC,4,0.00915,True,302
178,ACCCA,5,0.00835,True,2067
179,ACCCAC,6,0.00894,True,1050
180,ACCCACC,7,0.00902,True,995
181,ACCCACCC,8,0.00939,True,524
182,ACCCACCCA,9,0.00944,True,493
183,ACCCACCCAC,10,0.00894,True,1532
184,ACCCACCCACC,11,0.00906,True,2242
185,ACCCACCCACCC,12,0.00961,True,1916
186,ACCCC,5,0.00916,True,794
187,ACCCCA,6,0.01214,True,2604
188,ACCCCAC,7,0.00835,True,4509
189,ACCCCACC,8,0.01562,True,1681
190,ACCCCACCC,9,0.01576,True,1033
191,ACCCCACCCC,10,0.01591,True,3661
192,ACCCCACCCCA,11,0.00858,True,475
193,ACCCCACCCCAC,12,0.00868,True,706
194,ACCCCACCCCC,11,0.00846,True,4462
195,ACCCCACCCCCA,12,0.00859,True,4023
196,ACCCCC,6,0.00833,True,3190
197,ACCCCCA,7,0.01022,True,4906
198,ACCCCCAC,8,0.00981,True,33
199,ACCCCCACC,9,0.00848,True,2229
200,ACCCCCACCC,10,0.00842,True,4529
201,ACCCCCACCCC,11,0.00846,True,4256
202,ACCCCCACCCCA,12,0.01171,True,704
203,ACCCCCC,7,0.00857,True,236
204,ACCCCCCA,8,0.00866,True,3815
205,ACCCCCCAC,9,0.00842,True,1086
206,ACCCCCCACC,10,0.00857,True,2767
207,ACCCCCCACCC,11,0.00842,True,1665
208,ACCCCCCACCCC,12,0.0116,True,4984
209,ACCCCCCC,8,0.00838,True,2708
210,ACCCCCCCA,9,0.00838,True,3059
211,ACCCCCCCAC,10,0.00834,True,3502
212,ACCCCCCCACC,11,0.01156,True,716
213,ACCCCCCCACCC,12,0.00835,True,66
214,ACCCCCCCC,9,0.01567,True,1298
215,ACCCCCCCCA,10,0.00844,True,2927
216,ACCCCCCCCAC,11,0.039,True,1689
217,ACCCCCCCCACC,12,0.00839,True,3120
218,ACCCCCCCCC,10,0.00851,True,3462
219,ACCCCCCCCCA,11,0.00846,True,3138
220,ACCCCCCCCCAC,12,0.01362,True,826
221,ACCCCCCCCCC,11,0.03952,True,2827
222,ACCCCCCCCCCA,12,0.00853,True,208
223,ACG,3,0.00834,True,4217
224,ACGA,4,0.00843,True,2515
225,ACGAC,5,0.01414,True,1354
226,ACGACG,6,0.00859,True,4745
227,ACGACGA,7,0.00838,True,4893
228,ACGACGAC,8,0.00848,True,820
229,ACGACGACG,9,0.00838,True,4701
230,ACGACGACGA,10,0.00837,True,1126
231,ACGACGACGAC,11,0.00845,True,3293
232,ACGACGACGACG,12,0.00832,True,3170
233,ACGT,4,0.00834,True,814
234,ACGTA,5,0.00834,True,4922
235,ACGTAC,6,0.0084,True,4035
236,ACGTACG,7,0.01243,True,3465
237,ACGTACGT,8,0.00838,True,3558
238,ACGTACGTA,9,0.00842,True,395
239,ACGTACGTAC,10,0.00857,True,2681
240,ACGTACGTACG,11,0.0084,True,3312
241,ACGTACGTACGT,12,0.01202,True,3099
242,AI,2,0.00825,True,4130
243,AIH,3,0.00817,True,416
244,AIHG,4,0.0091,True,4389
245,AIHGF,5,0.00828,True,4136
246,AIHGFE,6,0.00831,True,4309
247,AIHGFED,7,0.00795,True,1960
248,AIHGFEDC,8,0.00908,True,4910
249,AIHGFEDCB,9,0.0133,True,4048
250,AIHGFEDCBA,10,0.00808,True,162
251,B,1,0.00735,True,3829
252,BA,2,0.00716,True,474
253,BAA,3,0.00887,True,2078
254,BAAA,4,0.00754,True,42
255,BAAAA,5,0.01196,True,3357
256,BAAAAA,6,0.00766,True,2680
257,BAAAAAA,7,0.01114,True,2216
258,BAAAAAAA,8,0.00714,True,3983
259,BAAAAAAAA,9,0.00733,True,2019
260,BAAAAAAAAA,10,0.00736,True,265
261,BAB,3,0.00725,True,3366
262,BABA,4,0.00714,True,3616
263,BABAB,5,0.00787,True,1918
264,BABABA,6,0.00857,True,521
265,BABABAB,7,0.00873,True,4369
266,BABABABA,8,0.00714,True,1337
267,BABABABAB,9,0.00724,True,1093
268,BABABABABA,10,0.00841,True,4900
269,BAD,3,0.00734,True,3106
270,BADC,4,0.00735,True,1034
271,BADCB,5,0.00839,True,4007
272,BADCBA,6,0.00737,True,263
273,BADCBAD,7,0.00741,True,4100
274,BADCBADC,8,0.00737,True,579
275,BADCBADCB,9,0.00734,True,3572
276,BADCBADCBA,10,0.00837,True,1944
277,BAH,3,0.00733,True,3631
278,BAHG,4,0.00732,True,2930
279,BAHGF,5,0.00735,True,693
280,BAHGFE,6,0.00731,True,3127
281,BAHGFED,7,0.00833,True,699
282,BAHGFEDC,8,0.00714,True,3719
283,BAHGFEDCB,9,0.00738,True,2941
284,BAHGFEDCBA,10,0.00715,True,2586
285,BB,2,0.00723,True,2845
286,BBA,3,0.00737,True,1981
287,BBAA,4,0.00734,True,100
288,BBAAA,5,0.00753,True,2456
289,BBAAAA,6,0.00751,True,811
290,BBAAAAA,7,0.00873,True,3265
291,BBAAAAAA,8,0.00758,True,2172
292,BBAAAAAAA,9,0.01611,True,4414
293,BBAAAAAAAA,10,0.01364,True,1255
294,BBB,3,0.00904,True,3449
295,BBBA,4,0.00748,True,4294
296,BBBAA,5,0.0076,True,2094
297,BBBAAA,6,0.00743,True,313
298,BBBAAAA,7,0.00785,True,2477
299,BBBAAAAA,8,0.00788,True,257
300,BBBAAAAAA,9,0.00755,True,3301
301,BBBAAAAAAA,10,0.00736,True,657
302,BBBB,4,0.00755,True,237
303,BBBBA,5,0.00743,True,1901
304,BBBBAA,6,0.00732,True,2849
305,BBBBAAA,7,0.00747,True,1429
306,BBBBAAAA,8,0.00732,True,4968
307,BBBBAAAAA,9,0.00735,True,927
308,BBBBAAAAAA,10,0.00732,True,880
309,BBBBB,5,0.00739,True,29
310,BBBBBA,6,0.00733,True,1864
311,BBBBBAA,7,0.00765,True,3807
312,BBBBBAAA,8,0.00732,True,384
313,BBBBBAAAA,9,0.00737,True,1816
314,BBBBBAAAAA,10,0.00734,True,3842
315,BBBBBB,6,0.00732,True,4689
316,BBBBBBA,7,0.00732,True,2098
317,BBBBBBAA,8,0.00732,True,4837
318,BBBBBBAAA,9,0.00729,True,848
319,BBBBBBAAAA,10,0.01424,True,424
320,BBBBBBB,7,0.00759,True,4078
321,BBBBBBBA,8,0.00714,True,1462
322,BBBBBBBAA,9,0.00809,True,3902
323,BBBBBBBAAA,10,0.00742,True,926
324,BBBBBBBB,8,0.01116,True,2126
325,BBBBBBBBA,9,0.00728,True,1619
326,BBBBBBBBAA,10,0.00748,True,4797
327,BBBBBBBBB,9,0.00719,True,3892
328,BBBBBBBBBA,10,0.00818,True,3078
329,C,1,0.00758,True,99
330,CAC,3,0.00863,True,444
331,CACA,4,0.00847,True,3160
332,CACAC,5,0.00825,True,3884
333,CACACA,6,0.00794,True,3714
334,CACACAC,7,0.00962,True,680
335,CACACACA,8,0.01007,True,504
336,CACACACAC,9,0.01837,True,706
337,CACACACACA,10,0.00794,True,3880
338,CACACACACAC,11,0.00804,True,2510
339,CACACACACACA,12,0.00807,True,2895
340,CACC,4,0.00874,True,2516
341,CACCC,5,0.01573,True,4053
342,CACCCC,6,0.01011,True,2746
343,CACCCCA,7,0.00829,True,4131
344,CACCCCAC,8,0.0093,True,4448
345,CACCCCACC,9,0.01196,True,4486
346,CACCCCACCC,10,0.00838,True,3851
347,CACCCCACCCC,11,0.00843,True,2484
348,CACCCCACCCCA,12,0.00818,True,3642
349,CACCCCC,7,0.00804,True,1207
350,CACCCCCC,8,0.01045,True,2417
351,CACCCCCCC,9,0.00804,True,79
352,CACCCCCCCC,10,0.00815,True,4371
353,CACCCCCCCCC,11,0.00804,True,544
354,CACCCCCCCCCA,12,0.01373,True,3828
355,CB,2,0.00783,True,348
356,CBA,3,0.00781,True,4328
357,CBAG,4,0.00784,True,2379
358,CBAGF,5,0.00781,True,2411
359,CBAGFE,6,0.01101,True,612
360,CBAGFED,7,0.00781,True,187
361,CBAGFEDC,8,0.00783,True,2868
362,CBAGFEDCB,9,0.00763,True,3546
363,CBAGFEDCBA,10,0.00766,True,3255
364,CCA,3,0.00772,True,4266
365,CCAC,4,0.00786,True,87
366,CCACC,5,0.0084,True,1210
367,CCACCA,6,0.00834,True,3888
368,CCACCAC,7,0.00822,True,2245
369,CCACCACC,8,0.00939,True,797
370,CCACCACCA,9,0.00779,True,4841
371,CCACCACCAC,10,0.00846,True,2675
372,CCACCACCACC,11,0.0078,True,2971
373,CCACCACCACCA,12,0.00793,True,6
374,CCACCC,6,0.00836,True,355
375,CCACCCC,7,0.00797,True,4130
376,CCACCCCC,8,0.01437,True,112
377,CCACCCCCC,9,0.0114,True,4385
378,CCACCCCCCC,10,0.00963,True,3492
379,CCACCCCCCCC,11,0.0078,True,1032
380,CCACCCCCCCCA,12,0.00831,True,519
381,CCC,3,0.00774,True,692
382,CCCA,4,0.01101,True,4807
383,CCCAC,5,0.00771,True,621
384,CCCACC,6,0.00785,True,2916
385,CCCACCC,7,0.0077,True,3205
386,CCCACCCA,8,0.00775,True,2361
387,CCCACCCAC,9,0.0077,True,3050
388,CCCACCCACC,10,0.0077,True,2788
389,CCCACCCACCC,11,0.01497,True,4156
390,CCCACCCACCCA,12,0.00795,True,4330
391,CCCACCCC,8,0.0077,True,1918
392,CCCACCCCC,9,0.01488,True,4614
393,CCCACCCCCC,10,0.00825,True,3349
394,CCCACCCCCCC,11,0.00771,True,2753
395,CCCACCCCCCCA,12,0.00817,True,4675
396,CCCC,4,0.00771,True,4177
397,CCCCA,5,0.00793,True,2938
398,CCCCAC,6,0.00868,True,1072
399,CCCCACC,7,0.00843,True,2842
400,CCCCACCC,8,0.00844,True,1374
401,CCCCACCCC,9,0.00906,True,2439
402,CCCCACCCCC,10,0.00863,True,3186
403,CCCCACCCCCC,11,0.00989,True,940
404,CCCCACCCCCCA,12,0.0092,True,3857
405,D,1,0.00767,True,3675
406,DC,2,0.00738,True,3809
407,DCB,3,0.0081,True,658
408,DCBA,4,0.00734,True,86
409,DCBAF,5,0.00925,True,2062
410,DCBAFE,6,0.00749,True,860
411,DCBAFED,7,0.01167,True,3901
412,DCBAFEDC,8,0.00734,True,1788
413,DCBAFEDCB,9,0.01315,True,1403
414,DCBAFEDCBA,10,0.01081,True,1937
415,E,1,0.00747,True,1623
416,ED,2,0.00877,True,1843
417,EDC,3,0.00742,True,62
418,EDCB,4,0.00801,True,3854
419,EDCBA,5,0.00735,True,1503
420,EDCBAE,6,0.00742,True,3987
421,EDCBAED,7,0.00738,True,581
422,EDCBAEDC,8,0.00738,True,2511
423,EDCBAEDCB,9,0.01383,True,3716
424,EDCBAEDCBA,10,0.00743,True,505
425,GCA,3,0.00799,True,3978
426,GCAG,4,0.00809,True,3643
427,GCAGC,5,0.008,True,2832
428,GCAGCA,6,0.00807,True,805
429,GCAGCAG,7,0.00799,True,509
430,GCAGCAGC,8,0.00789,True,2103
431,GCAGCAGCA,9,0.00787,True,432
432,GCAGCAGCAG,10,0.0079,True,4564
433,GCAGCAGCAGC,11,0.00778,True,463
434,GCAGCAGCAGCA,12,0.00783,True,2250
435,J,1,0.00726,True,2243
436,JI,2,0.00714,True,1352
437,JIH,3,0.00718,True,882
438,JIHG,4,0.00733,True,1403
439,JIHGF,5,0.00918,True,1810
440,JIHGFE,6,0.00795,True,1078
441,JIHGFED,7,0.00898,True,253
442,JIHGFEDC,8,0.00784,True,150
443,JIHGFEDCB,9,0.00792,True,4250
444,JIHGFEDCBA,10,0.00747,True,4303
445,TGC,3,0.00887,True,882
446,TGCA,4,0.00851,True,3606
447,TGCAT,5,0.01017,True,30
448,TGCATG,6,0.00965,True,1505
449,TGCATGC,7,0.00868,True,4122
450,TGCATGCA,8,0.00885,True,73
451,TGCATGCAT,9,0.00852,True,64
452,TGCATGCATG,10,0.01179,True,4383
453,TGCATGCATGC,11,0.00849,True,4888
454,TGCATGCATGCA,12,0.01008,True,3270
455,TTGGCCA,7,0.00858,True,677
456,TTGGCCAA,8,0.00861,True,1521
457,TTGGCCAAT,9,0.00857,True,1137
458,TTGGCCAATT,10,0.00862,True,3847
459,TTGGCCAATTG,11,0.00855,True,620
460,TTGGCCAATTGG,12,0.0162,True,4241
461,TTGGCCAATTGGC,13,0.00855,True,4397
462,TTGGCCAATTGGCC,14,0.00864,True,3903
463,TTGGCCAATTGGCCA,15,0.00864,True,3124
464,TTGGCCAATTGGCCAA,16,0.0085,True,1439
465,TTT,3,0.00851,True,3336
466,TTTC,4,0.00955,True,4460
467,TTTCC,5,0.00887,True,4987
468,TTTCCC,6,0.01431,True,2720
469,TTTCCCC,7,0.00882,True,467
470,TTTCCCCG,8,0.00834,True,1330
471,TTTCCCCGG,9,0.00857,True,199
472,TTTCCCCGGG,10,0.00835,True,1790
473,TTTCCCCGGGG,11,0.0104,True,1351
474,TTTCCCCGGGGA,12,0.01033,True,970
475,TTTCCCCGGGGAA,13,0.0092,True,2505
476,TTTCCCCGGGGAAA,14,0.00866,True,3808
477,TTTCCCCGGGGAAAA,15,0.01243,True,669
478,TTTCCCG,7,0.00849,True,1048
479,TTTCCCGG,8,0.00834,True,905
480,TTTCCCGGG,9,0.00878,True,509
481,TTTCCCGGGA,10,0.00834,True,2428
482,TTTCCCGGGAA,11,0.00859,True,4301
483,TTTCCCGGGAAA,12,0.00834,True,460
