,Query,Query Length,Time Taken,Search Successful,Position Placed
0,A,1,0.00601,True,1120
1,AA,2,0.0065,True,398
2,AAA,3,0.00683,True,4327
3,AAAA,4,0.00673,True,2477
4,AAAAA,5,0.0067,True,511
5,AAAAAA,6,0.00803,True,2667
6,AAAAAAA,7,0.00683,True,3017
7,AAAAAAAA,8,0.00666,True,3892
8,AAAAAAAAA,9,0.00683,True,2022
9,AAAAAAAAAA,10,0.00668,True,2692
10,AAAAAAAAAB,10,0.00667,True,2800
11,AAAAAAAAB,9,0.00802,True,3877
12,AAAAAAAABB,10,0.00668,True,4948
13,AAAAAAAB,8,0.00809,True,2962
14,AAAAAAABB,9,0.00671,True,1509
15,AAAAAAABBB,10,0.00672,True,827
16,AAAAAAB,7,0.00762,True,2453
17,AAAAAABB,8,0.00666,True,4329
18,AAAAAABBB,9,0.00678,True,1975
19,AAAAAABBBB,10,0.00896,True,4855
20,AAAAAB,6,0.00684,True,483
21,AAAAABB,7,0.00667,True,4666
22,AAAAABBB,8,0.00805,True,1776
23,AAAAABBBB,9,0.00669,True,1456
24,AAAAABBBBB,10,0.00682,True,1575
25,AAAAB,5,0.00668,True,3735
26,AAAABB,6,0.00665,True,1374
27,AAAABBB,7,0.00728,True,2987
28,AAAABBBB,8,0.00665,True,480
29,AAAABBBBB,9,0.00667,True,147
30,AAAABBBBBB,10,0.00792,True,1698
31,AAAAGG,6,0.00662,True,4863
32,AAAAGGG,7,0.00661,True,3802
33,AAAAGGGG,8,0.00794,True,2841
34,AAAAGGGGC,9,0.0066,True,2605
35,AAAAGGGGCC,10,0.00678,True,4132
36,AAAAGGGGCCC,11,0.00673,True,1197
37,AAAAGGGGCCCC,12,0.00676,True,777
38,AAAAGGGGCCCCT,13,0.00663,True,1490
39,AAAAGGGGCCCCTT,14,0.00765,True,3641
40,AAAAGGGGCCCCTTT,15,0.0073,True,4544
41,AAAB,4,0.01303,True,2293
42,AAABB,5,0.0089,True,2035
43,AAABBB,6,0.00681,True,4924
44,AAABBBB,7,0.00762,True,3518
45,AAABBBBB,8,0.00675,True,2590
46,AAABBBBBB,9,0.00682,True,3992
47,AAABBBBBBB,10,0.0068,True,1583
48,AAACAAAAGAA,11,0.00659,True,430
49,AAACAAAAGAAA,12,0.00661,True,2937
50,AAACAAAAGAAAT,13,0.00657,True,4549
51,AAACAAAAGAAATA,14,0.00655,True,1045
52,AAACAAAAGAAATAA,15,0.00661,True,873
53,AAACAAAAGAAATAAA,16,0.00658,True,3078
54,AAACAAAAGAAATAAAC,17,0.00658,True,4934
55,AAACAAAAGAAATAAACA,18,0.00656,True,2544
56,AAACAAAAGAAATAAACAA,19,0.00786,True,4601
57,AAACAAAAGAAATAAACAAA,20,0.0066,True,4108
58,AAACAAATAAA,11,0.00719,True,4505
59,AAACAAATAAAG,12,0.00656,True,2637
60,AAACAAATAAAGA,13,0.00656,True,67
61,AAACAAATAAAGAA,14,0.00672,True,2549
62,AAACAAATAAAGAAA,15,0.00656,True,3118
63,AAACAAATAAAGAAAA,16,0.00657,True,4539
64,AAACAAATAAAGAAAAC,17,0.00693,True,135
65,AAACAAATAAAGAAAACA,18,0.00709,True,2513
66,AAACAAATAAAGAAAACAA,19,0.00657,True,3457
67,AAACAAATAAAGAAAACAAA,20,0.00855,True,4260
68,AAAG,4,0.00658,True,634
69,AAAGG,5,0.01034,True,615
70,AAAGGG,6,0.00666,True,927
71,AAAGGGC,7,0.00725,True,12
72,AAAGGGCC,8,0.00782,True,919
73,AAAGGGCCC,9,0.01101,True,662
74,AAAGGGCCCT,10,0.00658,True,2757
75,AAAGGGCCCTT,11,0.00742,True,4066
76,AAAGGGCCCTTT,12,0.00657,True,263
77,AAB,3,0.00654,True,1648
78,AABB,4,0.00795,True,3699
79,AABBB,5,0.00654,True,3739
80,AABBBB,6,0.00659,True,3123
81,AABBBBB,7,0.00679,True,467
82,AABBBBBB,8,0.00754,True,966
83,AABBBBBBB,9,0.00836,True,4048
84,AABBBBBBBB,10,0.0067,True,2382
85,AACCGGT,7,0.00656,True,348
86,AACCGGTT,8,0.00705,True,3384
87,AACCGGTTA,9,0.00661,True,4139
88,AACCGGTTAA,10,0.0066,True,2010
89,AACCGGTTAAC,11,0.00675,True,4862
90,AACCGGTTAACC,12,0.00658,True,3570
91,AACCGGTTAACCG,13,0.00657,True,3645
92,AACCGGTTAACCGG,14,0.00667,True,2481
93,AACCGGTTAACCGGT,15,0.00658,True,3867
94,AACCGGTTAACCGGTT,16,0.00657,True,2272
95,AB,2,0.00646,True,2859
96,ABA,3,0.00648,True,3842
97,ABAB,4,0.01112,True,2599
98,ABABA,5,0.0084,True,607
99,ABABAB,6,0.00893,True,1655
100,ABABABA,7,0.01068,True,2555
101,ABABABAB,8,0.0102,True,2665
102,ABABABABA,9,0.01071,True,4577
103,ABABABABAB,10,0.01204,True,4675
104,ABB,3,0.01412,True,2446
105,ABBB,4,0.01173,True,3660
106,ABBBB,5,0.00791,True,3369
107,ABBBBB,6,0.0113,True,496
108,ABBBBBB,7,0.00662,True,3912
109,ABBBBBBB,8,0.0064,True,3909
110,ABBBBBBBB,9,0.00663,True,3686
111,ABBBBBBBBB,10,0.00641,True,4953
112,ABC,3,0.00642,True,4166
113,ABCA,4,0.00766,True,1532
114,ABCAB,5,0.00638,True,3844
115,ABCABC,6,0.00644,True,327
116,ABCABCA,7,0.00641,True,1964
117,ABCABCAB,8,0.00642,True,2848
118,ABCABCABC,9,0.00639,True,3337
119,ABCABCABCA,10,0.00644,True,3631
120,ABCD,4,0.00639,True,1803
121,ABCDA,5,0.00638,True,121
122,ABCDAB,6,0.00655,True,3364
123,ABCDABC,7,0.0065,True,2138
124,ABCDABCD,8,0.00641,True,3351
125,ABCDABCDA,9,0.00641,True,2593
126,ABCDABCDAB,10,0.00642,True,2714
127,ABCDE,5,0.00639,True,529
128,ABCDEA,6,0.00649,True,4932
129,ABCDEAB,7,0.00639,True,1390
130,ABCDEABC,8,0.0064,True,4553
131,ABCDEABCD,9,0.00642,True,579
132,ABCDEABCDE,10,0.00648,True,2365
133,ABCDEF,6,0.00638,True,1681
134,ABCDEFA,7,0.0064,True,3832
135,ABCDEFAB,8,0.00767,True,354
136,ABCDEFABC,9,0.00642,True,2225
137,ABCDEFABCD,10,0.00636,True,1386
138,ABCDEFG,7,0.01564,True,1749
139,ABCDEFGA,8,0.01149,True,2961
140,ABCDEFGAB,9,0.00655,True,898
141,ABCDEFGABC,10,0.00656,True,3920
142,ABCDEFGH,8,0.00778,True,4716
143,ABCDEFGHA,9,0.00632,True,801
144,ABCDEFGHAB,10,0.0065,True,3713
145,ABCDEFGHI,9,0.0064,True,4645
146,ABCDEFGHIA,10,0.00645,True,4794
147,ABCDEFGHIJ,10,0.00625,True,719
148,AC,2,0.00764,True,526
149,ACA,3,0.00831,True,260
150,ACAC,4,0.00651,True,2130
151,ACACA,5,0.00691,True,2036
152,ACACAC,6,0.00653,True,23
153,ACACACA,7,0.00668,True,64
154,ACACACAC,8,0.0066,True,1072
155,ACACACACA,9,0.00657,True,842
156,ACACACACAC,10,0.00949,True,1510
157,ACACACACACA,11,0.00654,True,3147
158,ACACACACACAC,12,0.0066,True,4066
159,ACB,3,0.00767,True,4134
160,ACBA,4,0.00641,True,1857
161,ACBAC,5,0.0064,True,2141
162,ACBACB,6,0.00766,True,3837
163,ACBACBA,7,0.00643,True,2369
164,ACBACBAC,8,0.00639,True,950
165,ACBACBACB,9,0.00653,True,1319
166,ACBACBACBA,10,0.0064,True,3081
167,ACC,3,0.00641,True,2856
168,ACCA,4,0.00652,True,4761
169,ACCAC,5,0.0064,True,2889
170,ACCACC,6,0.00641,True,3134
171,ACCACCA,7,0.00656,True,886
172,ACCACCAC,8,0.00643,True,4658
173,ACCACCACC,9,0.00645,True,4446
174,ACCACCACCA,10,0.0068,True,1618
175,ACCACCACCAC,11,0.00645,True,2897
176,ACCACCACCACC,12,0.00644,True,4515
177,ACCC,4,0.00644,True,2030
178,ACCCA,5,0.00641,True,909
179,ACCCAC,6,0.0064,True,4278
180,ACCCACC,7,0.00625,True,347
181,ACCCACCC,8,0.00756,True,3333
182,ACCCACCCA,9,0.00625,True,3065
183,ACCCACCCAC,10,0.00623,True,1111
184,ACCCACCCACC,11,0.00634,True,3926
185,ACCCACCCACCC,12,0.00623,True,1312
186,ACCCC,5,0.00626,True,2828
187,ACCCCA,6,0.00766,True,1376
188,ACCCCAC,7,0.00801,True,4239
189,ACCCCACC,8,0.00946,True,3557
190,ACCCCACCC,9,0.00634,True,3091
191,ACCCCACCCC,10,0.00671,True,701
192,ACCCCACCCCA,11,0.00657,True,2829
193,ACCCCACCCCAC,12,0.00655,True,4777
194,ACCCCACCCCC,11,0.00653,True,3125
195,ACCCCACCCCCA,12,0.00655,True,959
196,ACCCCC,6,0.01056,True,345
197,ACCCCCA,7,0.00639,True,2802
198,ACCCCCAC,8,0.0069,True,1159
199,ACCCCCACC,9,0.02294,True,1904
200,ACCCCCACCC,10,0.01255,True,932
201,ACCCCCACCCC,11,0.00636,True,2788
202,ACCCCCACCCCA,12,0.00652,True,1467
203,ACCCCCC,7,0.00664,True,2631
204,ACCCCCCA,8,0.00665,True,3389
205,ACCCCCCAC,9,0.00641,True,1202
206,ACCCCCCACC,10,0.00639,True,3943
207,ACCCCCCACCC,11,0.00746,True,820
208,ACCCCCCACCCC,12,0.00795,True,4675
209,ACCCCCCC,8,0.00659,True,4645
210,ACCCCCCCA,9,0.0068,True,1848
211,ACCCCCCCAC,10,0.0064,True,225
212,ACCCCCCCACC,11,0.00644,True,3634
213,ACCCCCCCACCC,12,0.00654,True,3001
214,ACCCCCCCC,9,0.00641,True,1058
215,ACCCCCCCCA,10,0.00654,True,1096
216,ACCCCCCCCAC,11,0.00656,True,58
217,ACCCCCCCCACC,12,0.00634,True,4837
218,ACCCCCCCCC,10,0.00694,True,811
219,ACCCCCCCCCA,11,0.0153,True,3719
220,ACCCCCCCCCAC,12,0.00688,True,4922
221,ACCCCCCCCCC,11,0.00674,True,3836
222,ACCCCCCCCCCA,12,0.00855,True,195
223,ACG,3,0.00681,True,4870
224,ACGA,4,0.00659,True,4861
225,ACGAC,5,0.009,True,3076
226,ACGACG,6,0.00625,True,1329
227,ACGACGA,7,0.00786,True,3190
228,ACGACGAC,8,0.00832,True,3694
229,ACGACGACG,9,0.01157,True,1123
230,ACGACGACGA,10,0.01621,True,3513
231,ACGACGACGAC,11,0.00821,True,1543
232,ACGACGACGACG,12,0.00654,True,4573
233,ACGT,4,0.00641,True,4812
234,ACGTA,5,0.00659,True,3420
235,ACGTAC,6,0.00936,True,4569
236,ACGTACG,7,0.00995,True,621
237,ACGTACGT,8,0.00643,True,3186
238,ACGTACGTA,9,0.01251,True,3829
239,ACGTACGTAC,10,0.00646,True,4765
240,ACGTACGTACG,11,0.0066,True,194
241,ACGTACGTACGT,12,0.00675,True,3073
242,AI,2,0.00642,True,2554
243,AIH,3,0.00642,True,1515
244,AIHG,4,0.00641,True,762
245,AIHGF,5,0.0064,True,3879
246,AIHGFE,6,0.00649,True,1898
247,AIHGFED,7,0.00645,True,3032
248,AIHGFEDC,8,0.00656,True,719
249,AIHGFEDCB,9,0.00641,True,2618
250,AIHGFEDCBA,10,0.00645,True,2695
251,B,1,0.006,True,1347
252,BA,2,0.00586,True,2151
253,BAA,3,0.00945,True,880
254,BAAA,4,0.01203,True,3838
255,BAAAA,5,0.00809,True,2261
256,BAAAAA,6,0.00653,True,4530
257,BAAAAAA,7,0.00872,True,3993
258,BAAAAAAA,8,0.0062,True,3681
259,BAAAAAAAA,9,0.00593,True,4530
260,BAAAAAAAAA,10,0.00632,True,3317
261,BAB,3,0.00662,True,2234
262,BABA,4,0.0071,True,3
263,BABAB,5,0.00673,True,1933
264,BABABA,6,0.00703,True,2320
265,BABABAB,7,0.00857,True,4700
266,BABABABA,8,0.00607,True,3606
267,BABABABAB,9,0.00687,True,3096
268,BABABABABA,10,0.0061,True,3333
269,BAD,3,0.00582,True,2682
270,BADC,4,0.01376,True,2545
271,BADCB,5,0.00588,True,2093
272,BADCBA,6,0.00637,True,4387
273,BADCBAD,7,0.0062,True,1329
274,BADCBADC,8,0.0059,True,3322
275,BADCBADCB,9,0.01,True,1459
276,BADCBADCBA,10,0.00585,True,4801
277,BAH,3,0.00954,True,3200
278,BAHG,4,0.00591,True,4341
279,BAHGF,5,0.0078,True,507
280,BAHGFE,6,0.00996,True,1718
281,BAHGFED,7,0.00593,True,3269
282,BAHGFEDC,8,0.00597,True,801
283,BAHGFEDCB,9,0.0117,True,3214
284,BAHGFEDCBA,10,0.00588,True,3471
285,BB,2,0.00584,True,2687
286,BBA,3,0.00593,True,260
287,BBAA,4,0.00589,True,4797
288,BBAAA,5,0.00583,True,3087
289,BBAAAA,6,0.00585,True,2845
290,BBAAAAA,7,0.00585,True,4185
291,BBAAAAAA,8,0.00583,True,1188
292,BBAAAAAAA,9,0.00592,True,4039
293,BBAAAAAAAA,10,0.00583,True,4006
294,BBB,3,0.00623,True,4579
295,BBBA,4,0.00587,True,7
296,BBBAA,5,0.00584,True,1026
297,BBBAAA,6,0.00582,True,294
298,BBBAAAA,7,0.00586,True,4730
299,BBBAAAAA,8,0.01347,True,3626
300,BBBAAAAAA,9,0.00586,True,4627
301,BBBAAAAAAA,10,0.0057,True,3792
302,BBBB,4,0.0057,True,2905
303,BBBBA,5,0.00576,True,1648
304,BBBBAA,6,0.00568,True,1137
305,BBBBAAA,7,0.00567,True,2244
306,BBBBAAAA,8,0.02858,True,26
307,BBBBAAAAA,9,0.00895,True,1570
308,BBBBAAAAAA,10,0.01365,True,2679
309,BBBBB,5,0.01584,True,4354
310,BBBBBA,6,0.02384,True,2391
311,BBBBBAA,7,0.01075,True,3151
312,BBBBBAAA,8,0.01128,True,3072
313,BBBBBAAAA,9,0.01226,True,4730
314,BBBBBAAAAA,10,0.01461,True,2763
315,BBBBBB,6,0.00998,True,3418
316,BBBBBBA,7,0.00594,True,4347
317,BBBBBBAA,8,0.00602,True,952
318,BBBBBBAAA,9,0.00598,True,1408
319,BBBBBBAAAA,10,0.0062,True,3623
320,BBBBBBB,7,0.00776,True,3180
321,BBBBBBBA,8,0.00632,True,2390
322,BBBBBBBAA,9,0.01082,True,3985
323,BBBBBBBAAA,10,0.00596,True,1290
324,BBBBBBBB,8,0.00686,True,4935
325,BBBBBBBBA,9,0.00591,True,4342
326,BBBBBBBBAA,10,0.00597,True,4409
327,BBBBBBBBB,9,0.00773,True,4547
328,BBBBBBBBBA,10,0.00596,True,3182
329,C,1,0.01037,True,1855
330,CAC,3,0.00674,True,726
331,CACA,4,0.03629,True,4623
332,CACAC,5,0.01071,True,723
333,CACACA,6,0.0088,True,2725
334,CACACAC,7,0.01236,True,4644
335,CACACACA,8,0.00906,True,1136
336,CACACACAC,9,0.00656,True,2304
337,CACACACACA,10,0.00691,True,4869
338,CACACACACAC,11,0.0122,True,1633
339,CACACACACACA,12,0.01039,True,2793
340,CACC,4,0.01238,True,2451
341,CACCC,5,0.00644,True,1930
342,CACCCC,6,0.00948,True,3690
343,CACCCCA,7,0.00625,True,4716
344,CACCCCAC,8,0.00758,True,4019
345,CACCCCACC,9,0.00633,True,1165
346,CACCCCACCC,10,0.00625,True,4771
347,CACCCCACCCC,11,0.00784,True,4592
348,CACCCCACCCCA,12,0.00866,True,4827
349,CACCCCC,7,0.00665,True,140
350,CACCCCCC,8,0.00719,True,3365
351,CACCCCCCC,9,0.00705,True,3492
352,CACCCCCCCC,10,0.00628,True,2672
353,CACCCCCCCCC,11,0.00816,True,1923
354,CACCCCCCCCCA,12,0.01212,True,3231
355,CB,2,0.01214,True,1837
356,CBA,3,0.00668,True,3262
357,CBAG,4,0.00756,True,3383
358,CBAGF,5,0.00753,True,954
359,CBAGFE,6,0.00785,True,3350
360,CBAGFED,7,0.00664,True,47
361,CBAGFEDC,8,0.00667,True,6
362,CBAGFEDCB,9,0.0068,True,2739
363,CBAGFEDCBA,10,0.00697,True,4553
364,CCA,3,0.00697,True,1094
365,CCAC,4,0.0066,True,1958
366,CCACC,5,0.00663,True,2363
367,CCACCA,6,0.0063,True,4671
368,CCACCAC,7,0.01087,True,1871
369,CCACCACC,8,0.00631,True,3960
370,CCACCACCA,9,0.01378,True,3305
371,CCACCACCAC,10,0.00626,True,728
372,CCACCACCACC,11,0.01103,True,1962
373,CCACCACCACCA,12,0.00643,True,1088
374,CCACCC,6,0.00665,True,2273
375,CCACCCC,7,0.00634,True,3228
376,CCACCCCC,8,0.00628,True,1921
377,CCACCCCCC,9,0.00624,True,1315
378,CCACCCCCCC,10,0.00624,True,4578
379,CCACCCCCCCC,11,0.00664,True,4787
380,CCACCCCCCCCA,12,0.0063,True,2828
381,CCC,3,0.00635,True,1633
382,CCCA,4,0.00638,True,4525
383,CCCAC,5,0.00634,True,4194
384,CCCACC,6,0.00677,True,3139
385,CCCACCC,7,0.00632,True,4902
386,CCCACCCA,8,0.00631,True,942
387,CCCACCCAC,9,0.01047,True,1995
388,CCCACCCACC,10,0.00634,True,4174
389,CCCACCCACCC,11,0.01376,True,1879
390,CCCACCCACCCA,12,0.00668,True,3507
391,CCCACCCC,8,0.00637,True,2157
392,CCCACCCCC,9,0.00646,True,3142
393,CCCACCCCCC,10,0.00654,True,1588
394,CCCACCCCCCC,11,0.00633,True,2603
395,CCCACCCCCCCA,12,0.01417,True,302
396,CCCC,4,0.01041,True,4604
397,CCCCA,5,0.00631,True,3102
398,CCCCAC,6,0.00656,True,2096
399,CCCCACC,7,0.00666,True,2035
400,CCCCACCC,8,0.00632,True,3608
401,CCCCACCCC,9,0.00638,True,3919
402,CCCCACCCCC,10,0.00633,True,4838
403,CCCCACCCCCC,11,0.00631,True,2422
404,CCCCACCCCCCA,12,0.01536,True,1011
405,D,1,0.00605,True,4819
406,DC,2,0.00584,True,18
407,DCB,3,0.00588,True,4268
408,DCBA,4,0.00586,True,4605
409,DCBAF,5,0.00582,True,2580
410,DCBAFE,6,0.00586,True,2911
411,DCBAFED,7,0.00585,True,4969
412,DCBAFEDC,8,0.00582,True,4137
413,DCBAFEDCB,9,0.00592,True,1481
414,DCBAFEDCBA,10,0.00589,True,2400
415,E,1,0.00588,True,1896
416,ED,2,0.00648,True,2611
417,EDC,3,0.00583,True,2080
418,EDCB,4,0.00582,True,2512
419,EDCBA,5,0.01122,True,2201
420,EDCBAE,6,0.00575,True,3677
421,EDCBAED,7,0.00595,True,1016
422,EDCBAEDC,8,0.00572,True,2377
423,EDCBAEDCB,9,0.00684,True,367
424,EDCBAEDCBA,10,0.00577,True,1144
425,GCA,3,0.00608,True,2512
426,GCAG,4,0.00612,True,3488
427,GCAGC,5,0.01248,True,1068
428,GCAGCA,6,0.00641,True,2416
429,GCAGCAG,7,0.00612,True,445
430,GCAGCAGC,8,0.00625,True,3715
431,GCAGCAGCA,9,0.0068,True,974
432,GCAGCAGCAG,10,0.00629,True,918
433,GCAGCAGCAGC,11,0.0073,True,2645
434,GCAGCAGCAGCA,12,0.00626,True,476
435,J,1,0.00579,True,1554
436,JI,2,0.0063,True,2735
437,JIH,3,0.00583,True,3533
438,JIHG,4,0.006,True,3679
439,JIHGF,5,0.00582,True,354
440,JIHGFE,6,0.00596,True,4107
441,JIHGFED,7,0.00612,True,432
442,JIHGFEDC,8,0.00625,True,1654
443,JIHGFEDCB,9,0.00589,True,870
444,JIHGFEDCBA,10,0.00605,True,4494
445,TGC,3,0.00669,True,513
446,TGCA,4,0.00641,True,1524
447,TGCAT,5,0.0067,True,1667
448,TGCATG,6,0.00643,True,3106
449,TGCATGC,7,0.01073,True,1638
450,TGCATGCA,8,0.00648,True,466
451,TGCATGCAT,9,0.01268,True,1001
452,TGCATGCATG,10,0.00653,True,4278
453,TGCATGCATGC,11,0.0065,True,3357
454,TGCATGCATGCA,12,0.00645,True,4497
455,TTGGCCA,7,0.01068,True,3830
456,TTGGCCAA,8,0.00663,True,2489
457,TTGGCCAAT,9,0.00674,True,2857
458,TTGGCCAATT,10,0.00663,True,3685
459,TTGGCCAATTG,11,0.00663,True,923
460,TTGGCCAATTGG,12,0.01425,True,3846
461,TTGGCCAATTGGC,13,0.01211,True,2831
462,TTGGCCAATTGGCC,14,0.00659,True,2307
463,TTGGCCAATTGGCCA,15,0.00673,True,586
464,TTGGCCAATTGGCCAA,16,0.00652,True,1715
465,TTT,3,0.00722,True,3129
466,TTTC,4,0.0067,True,3024
467,TTTCC,5,0.00686,True,4666
468,TTTCCC,6,0.00696,True,1810
469,TTTCCCC,7,0.00675,True,3415
470,TTTCCCCG,8,0.00696,True,2677
471,TTTCCCCGG,9,0.00693,True,144
472,TTTCCCCGGG,10,0.00674,True,3933
473,TTTCCCCGGGG,11,0.01778,True,4112
474,TTTCCCCGGGGA,12,0.00669,True,2783
475,TTTCCCCGGGGAA,13,0.0067,True,240
476,TTTCCCCGGGGAAA,14,0.01552,True,4003
477,TTTCCCCGGGGAAAA,15,0.00721,True,4099
478,TTTCCCG,7,0.00669,True,2413
479,TTTCCCGG,8,0.00691,True,4955
480,TTTCCCGGG,9,0.00668,True,2893
481,TTTCCCGGGA,10,0.00667,True,4129
482,TTTCCCGGGAA,11,0.0112,True,4768
483,TTTCCCGGGAAA,12,0.00666,True,3186
