,Query,Query Length,Time Taken,Search Successful,Position Placed
0,A,1,0.05593,True,1540
1,AA,2,0.05123,True,4676
2,AAA,3,0.05095,True,688
3,AAAA,4,0.05334,True,3907
4,AAAAA,5,0.05226,True,825
5,AAAAAA,6,0.05761,True,3967
6,AAAAAAA,7,0.05462,True,240
7,AAAAAAAA,8,0.05591,True,3778
8,AAAAAAAAA,9,0.05171,True,923
9,AAAAAAAAAA,10,0.06367,True,239
10,AAAAAAAAAB,10,0.05491,True,2626
11,AAAAAAAAB,9,0.05597,True,1948
12,AAAAAAAABB,10,0.06687,True,1298
13,AAAAAAAB,8,0.05924,True,4258
14,AAAAAAABB,9,0.05146,True,1699
15,AAAAAAABBB,10,0.05361,True,3647
16,AAAAAAB,7,0.05292,True,3459
17,AAAAAABB,8,0.05167,True,646
18,AAAAAABBB,9,0.05056,True,4338
19,AAAAAABBBB,10,0.06143,True,1863
20,AAAAAB,6,0.07387,True,4550
21,AAAAABB,7,0.0577,True,3268
22,AAAAABBB,8,0.05684,True,1468
23,AAAAABBBB,9,0.08281,True,3185
24,AAAAABBBBB,10,0.05669,True,321
25,AAAAB,5,0.0551,True,2842
26,AAAABB,6,0.05264,True,444
27,AAAABBB,7,0.05295,True,1508
28,AAAABBBB,8,0.05911,True,3462
29,AAAABBBBB,9,0.05577,True,4814
30,AAAABBBBBB,10,0.05973,True,3571
31,AAAAGG,6,0.05186,True,4152
32,AAAAGGG,7,0.0529,True,4664
33,AAAAGGGG,8,0.05495,True,27
34,AAAAGGGGC,9,0.05889,True,3600
35,AAAAGGGGCC,10,0.05291,True,2824
36,AAAAGGGGCCC,11,0.05369,True,1210
37,AAAAGGGGCCCC,12,0.05654,True,4007
38,AAAAGGGGCCCCT,13,0.05311,True,992
39,AAAAGGGGCCCCTT,14,0.06336,True,4102
40,AAAAGGGGCCCCTTT,15,0.05551,True,776
41,AAAB,4,0.05179,True,2067
42,AAABB,5,0.05412,True,4233
43,AAABBB,6,0.05223,True,1165
44,AAABBBB,7,0.05868,True,4787
45,AAABBBBB,8,0.05149,True,3614
46,AAABBBBBB,9,0.05035,True,2735
47,AAABBBBBBB,10,0.0505,True,2727
48,AAACAAAAGAA,11,0.05147,True,4909
49,AAACAAAAGAAA,12,0.0546,True,2109
50,AAACAAAAGAAAT,13,0.05333,True,626
51,AAACAAAAGAAATA,14,0.06028,True,1509
52,AAACAAAAGAAATAA,15,0.05336,True,379
53,AAACAAAAGAAATAAA,16,0.05511,True,3805
54,AAACAAAAGAAATAAAC,17,0.05538,True,2752
55,AAACAAAAGAAATAAACA,18,0.05584,True,3354
56,AAACAAAAGAAATAAACAA,19,0.05484,True,3461
57,AAACAAAAGAAATAAACAAA,20,0.05556,True,60
58,AAACAAATAAA,11,0.0536,True,619
59,AAACAAATAAAG,12,0.0539,True,4947
60,AAACAAATAAAGA,13,0.05418,True,737
61,AAACAAATAAAGAA,14,0.05497,True,3522
62,AAACAAATAAAGAAA,15,0.0538,True,929
63,AAACAAATAAAGAAAA,16,0.05608,True,2428
64,AAACAAATAAAGAAAAC,17,0.05694,True,3627
65,AAACAAATAAAGAAAACA,18,0.05574,True,4828
66,AAACAAATAAAGAAAACAA,19,0.05896,True,1348
67,AAACAAATAAAGAAAACAAA,20,0.0582,True,509
68,AAAG,4,0.05399,True,3035
69,AAAGG,5,0.05298,True,549
70,AAAGGG,6,0.05449,True,165
71,AAAGGGC,7,0.05645,True,2598
72,AAAGGGCC,8,0.05971,True,150
73,AAAGGGCCC,9,0.05319,True,2107
74,AAAGGGCCCT,10,0.0527,True,4263
75,AAAGGGCCCTT,11,0.05188,True,2877
76,AAAGGGCCCTTT,12,0.05477,True,1509
77,AAB,3,0.05132,True,4375
78,AABB,4,0.05506,True,2636
79,AABBB,5,0.06352,True,3649
80,AABBBB,6,0.05527,True,1072
81,AABBBBB,7,0.0518,True,3864
82,AABBBBBB,8,0.05648,True,472
83,AABBBBBBB,9,0.05584,True,830
84,AABBBBBBBB,10,0.05189,True,447
85,AACCGGT,7,0.05462,True,86
86,AACCGGTT,8,0.05454,True,4592
87,AACCGGTTA,9,0.05388,True,1653
88,AACCGGTTAA,10,0.05239,True,2589
89,AACCGGTTAAC,11,0.05813,True,3140
90,AACCGGTTAACC,12,0.05979,True,1975
91,AACCGGTTAACCG,13,0.0546,True,1698
92,AACCGGTTAACCGG,14,0.05554,True,1381
93,AACCGGTTAACCGGT,15,0.05584,True,2728
94,AACCGGTTAACCGGTT,16,0.05688,True,2288
95,AB,2,0.0542,True,695
96,ABA,3,0.05223,True,1059
97,ABAB,4,0.05322,True,691
98,ABABA,5,0.05193,True,1910
99,ABABAB,6,0.05107,True,2195
100,ABABABA,7,0.0585,True,2655
101,ABABABAB,8,0.06159,True,3481
102,ABABABABA,9,0.06265,True,2034
103,ABABABABAB,10,0.06136,True,3312
104,ABB,3,0.06138,True,4068
105,ABBB,4,0.06232,True,4352
106,ABBBB,5,0.05896,True,1041
107,ABBBBB,6,0.05097,True,1146
108,ABBBBBB,7,0.06441,True,2911
109,ABBBBBBB,8,0.06667,True,2451
110,ABBBBBBBB,9,0.05642,True,4959
111,ABBBBBBBBB,10,0.06144,True,3039
112,ABC,3,0.06596,True,3941
113,ABCA,4,0.05324,True,1765
114,ABCAB,5,0.05214,True,2846
115,ABCABC,6,0.05088,True,1739
116,ABCABCA,7,0.06585,True,1958
117,ABCABCAB,8,0.05597,True,4400
118,ABCABCABC,9,0.05266,True,3366
119,ABCABCABCA,10,0.05156,True,2205
120,ABCD,4,0.04937,True,4154
121,ABCDA,5,0.05153,True,4387
122,ABCDAB,6,0.05888,True,2797
123,ABCDABC,7,0.06138,True,2087
124,ABCDABCD,8,0.06194,True,2262
125,ABCDABCDA,9,0.06583,True,4552
126,ABCDABCDAB,10,0.05132,True,4641
127,ABCDE,5,0.05325,True,2362
128,ABCDEA,6,0.05788,True,3342
129,ABCDEAB,7,0.05468,True,2605
130,ABCDEABC,8,0.05261,True,4494
131,ABCDEABCD,9,0.05168,True,2929
132,ABCDEABCDE,10,0.05209,True,1998
133,ABCDEF,6,0.05592,True,3682
134,ABCDEFA,7,0.05126,True,3440
135,ABCDEFAB,8,0.05168,True,1072
136,ABCDEFABC,9,0.05165,True,3984
137,ABCDEFABCD,10,0.0576,True,3473
138,ABCDEFG,7,0.05841,True,1888
139,ABCDEFGA,8,0.05217,True,3441
140,ABCDEFGAB,9,0.05265,True,4934
141,ABCDEFGABC,10,0.05626,True,4533
142,ABCDEFGH,8,0.0563,True,3854
143,ABCDEFGHA,9,0.05149,True,467
144,ABCDEFGHAB,10,0.05337,True,1636
145,ABCDEFGHI,9,0.05046,True,2048
146,ABCDEFGHIA,10,0.05491,True,134
147,ABCDEFGHIJ,10,0.05246,True,1527
148,AC,2,0.05167,True,4548
149,ACA,3,0.05305,True,2507
150,ACAC,4,0.05104,True,4000
151,ACACA,5,0.05145,True,1260
152,ACACAC,6,0.05206,True,3268
153,ACACACA,7,0.05183,True,3366
154,ACACACAC,8,0.05175,True,4719
155,ACACACACA,9,0.05013,True,1183
156,ACACACACAC,10,0.05079,True,2287
157,ACACACACACA,11,0.05121,True,967
158,ACACACACACAC,12,0.05331,True,995
159,ACB,3,0.06367,True,1407
160,ACBA,4,0.06405,True,1796
161,ACBAC,5,0.05164,True,688
162,ACBACB,6,0.05066,True,3196
163,ACBACBA,7,0.05119,True,4331
164,ACBACBAC,8,0.0521,True,1311
165,ACBACBACB,9,0.05152,True,4646
166,ACBACBACBA,10,0.05182,True,1521
167,ACC,3,0.05706,True,4199
168,ACCA,4,0.05277,True,67
169,ACCAC,5,0.05006,True,3067
170,ACCACC,6,0.05145,True,2145
171,ACCACCA,7,0.05121,True,1693
172,ACCACCAC,8,0.05334,True,1962
173,ACCACCACC,9,0.05109,True,1944
174,ACCACCACCA,10,0.05217,True,1470
175,ACCACCACCAC,11,0.05419,True,2504
176,ACCACCACCACC,12,0.05646,True,520
177,ACCC,4,0.05345,True,476
178,ACCCA,5,0.05363,True,4262
179,ACCCAC,6,0.05285,True,3524
180,ACCCACC,7,0.05066,True,575
181,ACCCACCC,8,0.05499,True,2791
182,ACCCACCCA,9,0.05106,True,3987
183,ACCCACCCAC,10,0.05176,True,4932
184,ACCCACCCACC,11,0.051,True,966
185,ACCCACCCACCC,12,0.05401,True,1844
186,ACCCC,5,0.05027,True,2995
187,ACCCCA,6,0.0506,True,2477
188,ACCCCAC,7,0.04999,True,2297
189,ACCCCACC,8,0.05041,True,4755
190,ACCCCACCC,9,0.05081,True,2147
191,ACCCCACCCC,10,0.05154,True,2902
192,ACCCCACCCCA,11,0.05099,True,4843
193,ACCCCACCCCAC,12,0.0541,True,1929
194,ACCCCACCCCC,11,0.05068,True,806
195,ACCCCACCCCCA,12,0.05372,True,1134
196,ACCCCC,6,0.05199,True,1000
197,ACCCCCA,7,0.05668,True,2442
198,ACCCCCAC,8,0.0635,True,876
199,ACCCCCACC,9,0.05476,True,4524
200,ACCCCCACCC,10,0.05646,True,1037
201,ACCCCCACCCC,11,0.0544,True,526
202,ACCCCCACCCCA,12,0.05475,True,1463
203,ACCCCCC,7,0.05282,True,846
204,ACCCCCCA,8,0.05152,True,2306
205,ACCCCCCAC,9,0.0596,True,2555
206,ACCCCCCACC,10,0.05572,True,50
207,ACCCCCCACCC,11,0.05338,True,1803
208,ACCCCCCACCCC,12,0.05494,True,4580
209,ACCCCCCC,8,0.05231,True,4855
210,ACCCCCCCA,9,0.05153,True,2359
211,ACCCCCCCAC,10,0.05369,True,2374
212,ACCCCCCCACC,11,0.05527,True,4494
213,ACCCCCCCACCC,12,0.05689,True,2151
214,ACCCCCCCC,9,0.05139,True,1016
215,ACCCCCCCCA,10,0.05239,True,3195
216,ACCCCCCCCAC,11,0.05947,True,2436
217,ACCCCCCCCACC,12,0.05395,True,3361
218,ACCCCCCCCC,10,0.05285,True,3710
219,ACCCCCCCCCA,11,0.06229,True,4622
220,ACCCCCCCCCAC,12,0.06296,True,4405
221,ACCCCCCCCCC,11,0.05281,True,3881
222,ACCCCCCCCCCA,12,0.06206,True,2398
223,ACG,3,0.04982,True,2930
224,ACGA,4,0.05708,True,3034
225,ACGAC,5,0.05181,True,1697
226,ACGACG,6,0.05042,True,4266
227,ACGACGA,7,0.05256,True,4825
228,ACGACGAC,8,0.05102,True,1764
229,ACGACGACG,9,0.05213,True,3769
230,ACGACGACGA,10,0.05368,True,4368
231,ACGACGACGAC,11,0.0543,True,3542
232,ACGACGACGACG,12,0.05732,True,404
233,ACGT,4,0.05197,True,1464
234,ACGTA,5,0.05157,True,4723
235,ACGTAC,6,0.05199,True,3737
236,ACGTACG,7,0.05237,True,4084
237,ACGTACGT,8,0.0518,True,4844
238,ACGTACGTA,9,0.05086,True,162
239,ACGTACGTAC,10,0.06156,True,838
240,ACGTACGTACG,11,0.05651,True,1200
241,ACGTACGTACGT,12,0.05957,True,1483
242,AI,2,0.05929,True,950
243,AIH,3,0.05904,True,2769
244,AIHG,4,0.05904,True,2834
245,AIHGF,5,0.05143,True,1642
246,AIHGFE,6,0.06109,True,3698
247,AIHGFED,7,0.05498,True,3766
248,AIHGFEDC,8,0.05382,True,4400
249,AIHGFEDCB,9,0.05054,True,2788
250,AIHGFEDCBA,10,0.05369,True,4717
251,B,1,0.05338,True,548
252,BA,2,0.05293,True,3956
253,BAA,3,0.05352,True,4567
254,BAAA,4,0.04974,True,2230
255,BAAAA,5,0.04981,True,72
256,BAAAAA,6,0.05823,True,346
257,BAAAAAA,7,0.05484,True,4655
258,BAAAAAAA,8,0.05566,True,1796
259,BAAAAAAAA,9,0.05118,True,2895
260,BAAAAAAAAA,10,0.05104,True,2530
261,BAB,3,0.04987,True,1265
262,BABA,4,0.05373,True,4135
263,BABAB,5,0.05423,True,3867
264,BABABA,6,0.05484,True,2937
265,BABABAB,7,0.05957,True,2102
266,BABABABA,8,0.06024,True,2219
267,BABABABAB,9,0.06126,True,1583
268,BABABABABA,10,0.05114,True,2606
269,BAD,3,0.05344,True,2175
270,BADC,4,0.04948,True,4848
271,BADCB,5,0.05003,True,771
272,BADCBA,6,0.05472,True,4702
273,BADCBAD,7,0.05578,True,4686
274,BADCBADC,8,0.04988,True,2192
275,BADCBADCB,9,0.05858,True,2652
276,BADCBADCBA,10,0.05326,True,4036
277,BAH,3,0.06248,True,2111
278,BAHG,4,0.05929,True,346
279,BAHGF,5,0.05917,True,1280
280,BAHGFE,6,0.05671,True,3373
281,BAHGFED,7,0.05687,True,2982
282,BAHGFEDC,8,0.05563,True,779
283,BAHGFEDCB,9,0.05162,True,4554
284,BAHGFEDCBA,10,0.06378,True,3280
285,BB,2,0.04972,True,806
286,BBA,3,0.05531,True,1507
287,BBAA,4,0.05008,True,748
288,BBAAA,5,0.05121,True,766
289,BBAAAA,6,0.05579,True,2338
290,BBAAAAA,7,0.05635,True,2724
291,BBAAAAAA,8,0.05268,True,2015
292,BBAAAAAAA,9,0.05426,True,4447
293,BBAAAAAAAA,10,0.05267,True,165
294,BBB,3,0.05223,True,4508
295,BBBA,4,0.05189,True,4867
296,BBBAA,5,0.05105,True,1700
297,BBBAAA,6,0.0578,True,2277
298,BBBAAAA,7,0.05351,True,173
299,BBBAAAAA,8,0.05469,True,988
300,BBBAAAAAA,9,0.05812,True,4190
301,BBBAAAAAAA,10,0.05347,True,4253
302,BBBB,4,0.05212,True,1369
303,BBBBA,5,0.05063,True,3041
304,BBBBAA,6,0.04958,True,1802
305,BBBBAAA,7,0.05873,True,2660
306,BBBBAAAA,8,0.05239,True,823
307,BBBBAAAAA,9,0.05437,True,952
308,BBBBAAAAAA,10,0.05844,True,2008
309,BBBBB,5,0.04905,True,782
310,BBBBBA,6,0.05545,True,4681
311,BBBBBAA,7,0.05256,True,656
312,BBBBBAAA,8,0.05077,True,3173
313,BBBBBAAAA,9,0.05431,True,2116
314,BBBBBAAAAA,10,0.05073,True,815
315,BBBBBB,6,0.05728,True,3708
316,BBBBBBA,7,0.06995,True,4263
317,BBBBBBAA,8,0.05185,True,3962
318,BBBBBBAAA,9,0.05135,True,4476
319,BBBBBBAAAA,10,0.05138,True,1168
320,BBBBBBB,7,0.05316,True,1066
321,BBBBBBBA,8,0.05136,True,1396
322,BBBBBBBAA,9,0.05261,True,3974
323,BBBBBBBAAA,10,0.05302,True,2450
324,BBBBBBBB,8,0.05111,True,4026
325,BBBBBBBBA,9,0.0519,True,4578
326,BBBBBBBBAA,10,0.05535,True,2385
327,BBBBBBBBB,9,0.05273,True,3872
328,BBBBBBBBBA,10,0.05811,True,2525
329,C,1,0.06388,True,606
330,CAC,3,0.05361,True,3118
331,CACA,4,0.05054,True,793
332,CACAC,5,0.05109,True,3891
333,CACACA,6,0.0538,True,79
334,CACACAC,7,0.051,True,4291
335,CACACACA,8,0.05919,True,1073
336,CACACACAC,9,0.05385,True,1291
337,CACACACACA,10,0.0555,True,4957
338,CACACACACAC,11,0.0562,True,723
339,CACACACACACA,12,0.06812,True,2762
340,CACC,4,0.05313,True,4227
341,CACCC,5,0.06303,True,4251
342,CACCCC,6,0.06052,True,886
343,CACCCCA,7,0.06233,True,4401
344,CACCCCAC,8,0.05287,True,1843
345,CACCCCACC,9,0.05089,True,2862
346,CACCCCACCC,10,0.05366,True,1931
347,CACCCCACCCC,11,0.05344,True,905
348,CACCCCACCCCA,12,0.05778,True,3386
349,CACCCCC,7,0.05253,True,12
350,CACCCCCC,8,0.05482,True,1586
351,CACCCCCCC,9,0.05014,True,2800
352,CACCCCCCCC,10,0.05197,True,3808
353,CACCCCCCCCC,11,0.05116,True,4054
354,CACCCCCCCCCA,12,0.05327,True,285
355,CB,2,0.06346,True,2099
356,CBA,3,0.05374,True,1944
357,CBAG,4,0.04981,True,1922
358,CBAGF,5,0.05433,True,504
359,CBAGFE,6,0.05767,True,2067
360,CBAGFED,7,0.05104,True,4124
361,CBAGFEDC,8,0.05552,True,150
362,CBAGFEDCB,9,0.05445,True,3610
363,CBAGFEDCBA,10,0.05823,True,3335
364,CCA,3,0.04939,True,1388
365,CCAC,4,0.05211,True,2397
366,CCACC,5,0.06662,True,2044
367,CCACCA,6,0.0542,True,1194
368,CCACCAC,7,0.05216,True,324
369,CCACCACC,8,0.05211,True,32
370,CCACCACCA,9,0.05455,True,1370
371,CCACCACCAC,10,0.06227,True,2521
372,CCACCACCACC,11,0.0695,True,4248
373,CCACCACCACCA,12,0.0551,True,2283
374,CCACCC,6,0.05067,True,3501
375,CCACCCC,7,0.05186,True,4071
376,CCACCCCC,8,0.05221,True,449
377,CCACCCCCC,9,0.05057,True,2528
378,CCACCCCCCC,10,0.05052,True,2977
379,CCACCCCCCCC,11,0.05105,True,1145
380,CCACCCCCCCCA,12,0.05285,True,3880
381,CCC,3,0.05006,True,1436
382,CCCA,4,0.05056,True,4184
383,CCCAC,5,0.05139,True,262
384,CCCACC,6,0.05079,True,1504
385,CCCACCC,7,0.05189,True,4611
386,CCCACCCA,8,0.0564,True,4719
387,CCCACCCAC,9,0.05317,True,353
388,CCCACCCACC,10,0.05251,True,558
389,CCCACCCACCC,11,0.0573,True,1541
390,CCCACCCACCCA,12,0.06377,True,603
391,CCCACCCC,8,0.05719,True,4530
392,CCCACCCCC,9,0.05516,True,269
393,CCCACCCCCC,10,0.06087,True,1890
394,CCCACCCCCCC,11,0.05171,True,4024
395,CCCACCCCCCCA,12,0.05427,True,2451
396,CCCC,4,0.05669,True,1062
397,CCCCA,5,0.06015,True,3823
398,CCCCAC,6,0.05594,True,3047
399,CCCCACC,7,0.06691,True,292
400,CCCCACCC,8,0.05167,True,4237
401,CCCCACCCC,9,0.05113,True,1603
402,CCCCACCCCC,10,0.05074,True,1430
403,CCCCACCCCCC,11,0.06471,True,45
404,CCCCACCCCCCA,12,0.05525,True,4159
405,D,1,0.05991,True,1166
406,DC,2,0.05512,True,800
407,DCB,3,0.05437,True,2790
408,DCBA,4,0.0565,True,560
409,DCBAF,5,0.05028,True,3486
410,DCBAFE,6,0.05453,True,1507
411,DCBAFED,7,0.05619,True,4020
412,DCBAFEDC,8,0.05634,True,1636
413,DCBAFEDCB,9,0.0506,True,472
414,DCBAFEDCBA,10,0.05066,True,3295
415,E,1,0.04546,True,4390
416,ED,2,0.05203,True,613
417,EDC,3,0.05875,True,1274
418,EDCB,4,0.05303,True,500
419,EDCBA,5,0.06421,True,4212
420,EDCBAE,6,0.05019,True,1897
421,EDCBAED,7,0.0503,True,2053
422,EDCBAEDC,8,0.04981,True,1046
423,EDCBAEDCB,9,0.05354,True,1289
424,EDCBAEDCBA,10,0.05574,True,3757
425,GCA,3,0.05264,True,4410
426,GCAG,4,0.04966,True,4883
427,GCAGC,5,0.05187,True,2597
428,GCAGCA,6,0.05435,True,3812
429,GCAGCAG,7,0.05069,True,1555
430,GCAGCAGC,8,0.05189,True,3711
431,GCAGCAGCA,9,0.05102,True,1395
432,GCAGCAGCAG,10,0.05586,True,4765
433,GCAGCAGCAGC,11,0.05217,True,4768
434,GCAGCAGCAGCA,12,0.05548,True,4131
435,J,1,0.0553,True,1295
436,JI,2,0.05859,True,4529
437,JIH,3,0.06496,True,1704
438,JIHG,4,0.05661,True,1284
439,JIHGF,5,0.0505,True,2843
440,JIHGFE,6,0.05112,True,2473
441,JIHGFED,7,0.04988,True,4777
442,JIHGFEDC,8,0.05088,True,4981
443,JIHGFEDCB,9,0.04972,True,2195
444,JIHGFEDCBA,10,0.04991,True,2982
445,TGC,3,0.05758,True,4607
446,TGCA,4,0.06012,True,1096
447,TGCAT,5,0.05418,True,4791
448,TGCATG,6,0.05068,True,1271
449,TGCATGC,7,0.05177,True,4454
450,TGCATGCA,8,0.05084,True,3835
451,TGCATGCAT,9,0.05152,True,4749
452,TGCATGCATG,10,0.05198,True,4081
453,TGCATGCATGC,11,0.05117,True,4666
454,TGCATGCATGCA,12,0.05311,True,1813
455,TTGGCCA,7,0.0609,True,4246
456,TTGGCCAA,8,0.05741,True,1038
457,TTGGCCAAT,9,0.05173,True,529
458,TTGGCCAATT,10,0.0516,True,3008
459,TTGGCCAATTG,11,0.05063,True,3508
460,TTGGCCAATTGG,12,0.05379,True,4180
461,TTGGCCAATTGGC,13,0.05513,True,4212
462,TTGGCCAATTGGCC,14,0.05797,True,56
463,TTGGCCAATTGGCCA,15,0.06466,True,4942
464,TTGGCCAATTGGCCAA,16,0.05578,True,2086
465,TTT,3,0.05651,True,3578
466,TTTC,4,0.05107,True,4659
467,TTTCC,5,0.05022,True,1368
468,TTTCCC,6,0.05032,True,4892
469,TTTCCCC,7,0.05548,True,4642
470,TTTCCCCG,8,0.06581,True,1057
471,TTTCCCCGG,9,0.05603,True,3349
472,TTTCCCCGGG,10,0.05855,True,2616
473,TTTCCCCGGGG,11,0.05243,True,2817
474,TTTCCCCGGGGA,12,0.05422,True,1577
475,TTTCCCCGGGGAA,13,0.05343,True,4908
476,TTTCCCCGGGGAAA,14,0.05496,True,975
477,TTTCCCCGGGGAAAA,15,0.05493,True,2371
478,TTTCCCG,7,0.05133,True,1824
479,TTTCCCGG,8,0.05482,True,4016
480,TTTCCCGGG,9,0.06593,True,4975
481,TTTCCCGGGA,10,0.06227,True,628
482,TTTCCCGGGAA,11,0.0652,True,1994
483,TTTCCCGGGAAA,12,0.05603,True,1046
