,Query,Query Length,Time Taken,Search Successful,Position Placed
0,A,1,0.01151,True,3726
1,AA,2,0.00736,True,4462
2,AAA,3,0.00513,True,1453
3,AAAA,4,0.00381,True,3692
4,AAAAA,5,0.00293,True,4774
5,AAAAAA,6,0.00262,True,131
6,AAAAAAA,7,0.00206,True,1461
7,AAAAAAAA,8,0.00198,True,4139
8,AAAAAAAAA,9,0.00159,True,4385
9,AAAAAAAAAA,10,0.00143,True,4189
10,AAAAAAAAAB,10,0.00166,True,3176
11,AAAAAAAAB,9,0.0018,True,3772
12,AAAAAAAABB,10,0.00159,True,2095
13,AAAAAAAB,8,0.00203,True,3297
14,AAAAAAABB,9,0.0018,True,4471
15,AAAAAAABBB,10,0.0015,True,373
16,AAAAAAB,7,0.0032,True,1835
17,AAAAAABB,8,0.00226,True,4826
18,AAAAAABBB,9,0.00165,True,3468
19,AAAAAABBBB,10,0.00149,True,1015
20,AAAAAB,6,0.00265,True,1875
21,AAAAABB,7,0.00223,True,2302
22,AAAAABBB,8,0.002,True,152
23,AAAAABBBB,9,0.00265,True,4190
24,AAAAABBBBB,10,0.0014,True,875
25,AAAAB,5,0.00315,True,4322
26,AAAABB,6,0.00251,True,2998
27,AAAABBB,7,0.00206,True,809
28,AAAABBBB,8,0.00175,True,2063
29,AAAABBBBB,9,0.00192,True,4709
30,AAAABBBBBB,10,0.00241,True,4988
31,AAAAGG,6,0.00313,True,1054
32,AAAAGGG,7,0.00243,True,4076
33,AAAAGGGG,8,0.00205,True,1077
34,AAAAGGGGC,9,0.00211,True,1068
35,AAAAGGGGCC,10,0.0021,True,305
36,AAAAGGGGCCC,11,0.00251,True,4808
37,AAAAGGGGCCCC,12,0.00159,True,1927
38,AAAAGGGGCCCCT,13,0.00169,True,4708
39,AAAAGGGGCCCCTT,14,0.00185,True,2667
40,AAAAGGGGCCCCTTT,15,0.0018,True,1136
41,AAAB,4,0.00389,True,276
42,AAABB,5,0.00291,True,2027
43,AAABBB,6,0.00248,True,2334
44,AAABBBB,7,0.002,True,783
45,AAABBBBB,8,0.00169,True,2239
46,AAABBBBBB,9,0.00161,True,1279
47,AAABBBBBBB,10,0.00136,True,981
48,AAACAAAAGAA,11,0.00188,True,3854
49,AAACAAAAGAAA,12,0.0017,True,4436
50,AAACAAAAGAAAT,13,0.00201,True,1036
51,AAACAAAAGAAATA,14,0.00238,True,1782
52,AAACAAAAGAAATAA,15,0.00233,True,3095
53,AAACAAAAGAAATAAA,16,0.00202,True,1748
54,AAACAAAAGAAATAAAC,17,0.00289,True,476
55,AAACAAAAGAAATAAACA,18,0.00239,True,2859
56,AAACAAAAGAAATAAACAA,19,0.00208,True,4962
57,AAACAAAAGAAATAAACAAA,20,0.0019,True,3181
58,AAACAAATAAA,11,0.00226,True,3867
59,AAACAAATAAAG,12,0.00246,True,4087
60,AAACAAATAAAGA,13,0.00238,True,1483
61,AAACAAATAAAGAA,14,0.00259,True,1364
62,AAACAAATAAAGAAA,15,0.00199,True,1948
63,AAACAAATAAAGAAAA,16,0.00171,True,2522
64,AAACAAATAAAGAAAAC,17,0.00178,True,42
65,AAACAAATAAAGAAAACA,18,0.00176,True,3435
66,AAACAAATAAAGAAAACAA,19,0.00173,True,1644
67,AAACAAATAAAGAAAACAAA,20,0.00167,True,4029
68,AAAG,4,0.00444,True,935
69,AAAGG,5,0.00344,True,4361
70,AAAGGG,6,0.00268,True,2282
71,AAAGGGC,7,0.00265,True,3715
72,AAAGGGCC,8,0.00238,True,3659
73,AAAGGGCCC,9,0.00208,True,3454
74,AAAGGGCCCT,10,0.00216,True,2556
75,AAAGGGCCCTT,11,0.00229,True,2891
76,AAAGGGCCCTTT,12,0.00211,True,612
77,AAB,3,0.00495,True,4790
78,AABB,4,0.00349,True,4722
79,AABBB,5,0.0049,True,3214
80,AABBBB,6,0.00221,True,179
81,AABBBBB,7,0.00186,True,4142
82,AABBBBBB,8,0.00162,True,623
83,AABBBBBBB,9,0.00142,True,4805
84,AABBBBBBBB,10,0.00127,True,3411
85,AACCGGT,7,0.00305,True,4245
86,AACCGGTT,8,0.00303,True,1673
87,AACCGGTTA,9,0.0034,True,2990
88,AACCGGTTAA,10,0.0035,True,4805
89,AACCGGTTAAC,11,0.00333,True,958
90,AACCGGTTAACC,12,0.00331,True,2037
91,AACCGGTTAACCG,13,0.00296,True,2850
92,AACCGGTTAACCGG,14,0.00267,True,2843
93,AACCGGTTAACCGGT,15,0.00526,True,3781
94,AACCGGTTAACCGGTT,16,0.00243,True,601
95,AB,2,0.00706,True,258
96,ABA,3,0.00502,True,2141
97,ABAB,4,0.00385,True,2867
98,ABABA,5,0.00275,True,1613
99,ABABAB,6,0.00277,True,1754
100,ABABABA,7,0.00232,True,392
101,ABABABAB,8,0.00334,True,2831
102,ABABABABA,9,0.00253,True,536
103,ABABABABAB,10,0.00355,True,3377
104,ABB,3,0.00908,True,2501
105,ABBB,4,0.00323,True,3820
106,ABBBB,5,0.00253,True,4418
107,ABBBBB,6,0.00209,True,1452
108,ABBBBBB,7,0.00291,True,3603
109,ABBBBBBB,8,0.00175,True,4267
110,ABBBBBBBB,9,0.00138,True,4557
111,ABBBBBBBBB,10,0.00125,True,2987
112,ABC,3,0.00468,True,3915
113,ABCA,4,0.00426,True,167
114,ABCAB,5,0.00384,True,1779
115,ABCABC,6,0.00263,True,2104
116,ABCABCA,7,0.00238,True,2956
117,ABCABCAB,8,0.00442,True,130
118,ABCABCABC,9,0.00183,True,167
119,ABCABCABCA,10,0.00166,True,1261
120,ABCD,4,0.00388,True,184
121,ABCDA,5,0.00318,True,4683
122,ABCDAB,6,0.00488,True,1196
123,ABCDABC,7,0.0023,True,3395
124,ABCDABCD,8,0.00232,True,941
125,ABCDABCDA,9,0.00175,True,1389
126,ABCDABCDAB,10,0.00219,True,1372
127,ABCDE,5,0.00294,True,2894
128,ABCDEA,6,0.00284,True,905
129,ABCDEAB,7,0.0026,True,4681
130,ABCDEABC,8,0.00204,True,4667
131,ABCDEABCD,9,0.00209,True,2765
132,ABCDEABCDE,10,0.00176,True,4708
133,ABCDEF,6,0.00241,True,1581
134,ABCDEFA,7,0.00212,True,1588
135,ABCDEFAB,8,0.0023,True,2192
136,ABCDEFABC,9,0.00183,True,1501
137,ABCDEFABCD,10,0.00203,True,235
138,ABCDEFG,7,0.0021,True,4905
139,ABCDEFGA,8,0.00241,True,4535
140,ABCDEFGAB,9,0.00292,True,2727
141,ABCDEFGABC,10,0.00224,True,4338
142,ABCDEFGH,8,0.00213,True,1324
143,ABCDEFGHA,9,0.00202,True,1904
144,ABCDEFGHAB,10,0.00237,True,100
145,ABCDEFGHI,9,0.0018,True,912
146,ABCDEFGHIA,10,0.00178,True,1239
147,ABCDEFGHIJ,10,0.00161,True,2531
148,AC,2,0.00925,True,2353
149,ACA,3,0.00613,True,2131
150,ACAC,4,0.00479,True,4264
151,ACACA,5,0.00352,True,1663
152,ACACAC,6,0.00485,True,4431
153,ACACACA,7,0.00246,True,3307
154,ACACACAC,8,0.00231,True,4764
155,ACACACACA,9,0.00199,True,3866
156,ACACACACAC,10,0.0019,True,2770
157,ACACACACACA,11,0.00155,True,2503
158,ACACACACACAC,12,0.00154,True,2991
159,ACB,3,0.0055,True,4435
160,ACBA,4,0.00394,True,3340
161,ACBAC,5,0.00382,True,3255
162,ACBACB,6,0.00335,True,2562
163,ACBACBA,7,0.00304,True,1255
164,ACBACBAC,8,0.00282,True,3264
165,ACBACBACB,9,0.00253,True,4035
166,ACBACBACBA,10,0.00161,True,2679
167,ACC,3,0.00547,True,1852
168,ACCA,4,0.00478,True,4779
169,ACCAC,5,0.00382,True,2554
170,ACCACC,6,0.00303,True,2989
171,ACCACCA,7,0.00249,True,2642
172,ACCACCAC,8,0.00258,True,1746
173,ACCACCACC,9,0.00207,True,2237
174,ACCACCACCA,10,0.00168,True,2507
175,ACCACCACCAC,11,0.00176,True,2954
176,ACCACCACCACC,12,0.00159,True,4074
177,ACCC,4,0.0037,True,1839
178,ACCCA,5,0.0046,True,2521
179,ACCCAC,6,0.00316,True,3105
180,ACCCACC,7,0.00262,True,2794
181,ACCCACCC,8,0.00216,True,3439
182,ACCCACCCA,9,0.00188,True,1625
183,ACCCACCCAC,10,0.00193,True,2116
184,ACCCACCCACC,11,0.00185,True,2654
185,ACCCACCCACCC,12,0.0015,True,29
186,ACCCC,5,0.00286,True,546
187,ACCCCA,6,0.00439,True,3818
188,ACCCCAC,7,0.00274,True,2066
189,ACCCCACC,8,0.00232,True,2726
190,ACCCCACCC,9,0.00202,True,3306
191,ACCCCACCCC,10,0.0017,True,2949
192,ACCCCACCCCA,11,0.00153,True,1790
193,ACCCCACCCCAC,12,0.00162,True,1673
194,ACCCCACCCCC,11,0.00196,True,3573
195,ACCCCACCCCCA,12,0.00141,True,3705
196,ACCCCC,6,0.00235,True,4310
197,ACCCCCA,7,0.00241,True,1865
198,ACCCCCAC,8,0.00241,True,4463
199,ACCCCCACC,9,0.00226,True,4978
200,ACCCCCACCC,10,0.00179,True,4000
201,ACCCCCACCCC,11,0.00156,True,1695
202,ACCCCCACCCCA,12,0.00146,True,2891
203,ACCCCCC,7,0.00202,True,4212
204,ACCCCCCA,8,0.00211,True,3312
205,ACCCCCCAC,9,0.00212,True,967
206,ACCCCCCACC,10,0.00191,True,3350
207,ACCCCCCACCC,11,0.00172,True,3970
208,ACCCCCCACCCC,12,0.00155,True,2905
209,ACCCCCCC,8,0.00171,True,1551
210,ACCCCCCCA,9,0.00283,True,2460
211,ACCCCCCCAC,10,0.00205,True,1189
212,ACCCCCCCACC,11,0.00175,True,1458
213,ACCCCCCCACCC,12,0.0015,True,4188
214,ACCCCCCCC,9,0.00151,True,2703
215,ACCCCCCCCA,10,0.00172,True,3374
216,ACCCCCCCCAC,11,0.00182,True,3437
217,ACCCCCCCCACC,12,0.00161,True,1989
218,ACCCCCCCCC,10,0.00136,True,965
219,ACCCCCCCCCA,11,0.00166,True,2110
220,ACCCCCCCCCAC,12,0.00164,True,1262
221,ACCCCCCCCCC,11,0.00123,True,526
222,ACCCCCCCCCCA,12,0.0014,True,2293
223,ACG,3,0.00545,True,3392
224,ACGA,4,0.00507,True,128
225,ACGAC,5,0.00448,True,4928
226,ACGACG,6,0.00335,True,3970
227,ACGACGA,7,0.00289,True,4302
228,ACGACGAC,8,0.003,True,726
229,ACGACGACG,9,0.00268,True,4825
230,ACGACGACGA,10,0.00211,True,4223
231,ACGACGACGAC,11,0.00221,True,62
232,ACGACGACGACG,12,0.00186,True,3513
233,ACGT,4,0.00495,True,657
234,ACGTA,5,0.00561,True,480
235,ACGTAC,6,0.00637,True,888
236,ACGTACG,7,0.00421,True,1130
237,ACGTACGT,8,0.00338,True,355
238,ACGTACGTA,9,0.00387,True,4975
239,ACGTACGTAC,10,0.00401,True,945
240,ACGTACGTACG,11,0.00472,True,1692
241,ACGTACGTACGT,12,0.00249,True,3550
242,AI,2,0.00733,True,454
243,AIH,3,0.0045,True,3727
244,AIHG,4,0.00358,True,3126
245,AIHGF,5,0.00317,True,3562
246,AIHGFE,6,0.00257,True,272
247,AIHGFED,7,0.00206,True,2526
248,AIHGFEDC,8,0.00191,True,897
249,AIHGFEDCB,9,0.00199,True,784
250,AIHGFEDCBA,10,0.00186,True,3099
251,B,1,0.01352,True,4636
252,BA,2,0.00681,True,4069
253,BAA,3,0.00715,True,3945
254,BAAA,4,0.00378,True,2520
255,BAAAA,5,0.00287,True,2745
256,BAAAAA,6,0.00244,True,2385
257,BAAAAAA,7,0.00212,True,549
258,BAAAAAAA,8,0.00176,True,750
259,BAAAAAAAA,9,0.0031,True,114
260,BAAAAAAAAA,10,0.00139,True,2138
261,BAB,3,0.00504,True,1124
262,BABA,4,0.00324,True,3033
263,BABAB,5,0.00344,True,1331
264,BABABA,6,0.00246,True,917
265,BABABAB,7,0.00237,True,2165
266,BABABABA,8,0.00162,True,3389
267,BABABABAB,9,0.0018,True,1022
268,BABABABABA,10,0.0013,True,4901
269,BAD,3,0.00508,True,1171
270,BADC,4,0.00791,True,2091
271,BADCB,5,0.0033,True,4844
272,BADCBA,6,0.00246,True,4024
273,BADCBAD,7,0.00397,True,3321
274,BADCBADC,8,0.00258,True,1901
275,BADCBADCB,9,0.0021,True,3784
276,BADCBADCBA,10,0.00153,True,2709
277,BAH,3,0.00496,True,53
278,BAHG,4,0.00485,True,4066
279,BAHGF,5,0.00345,True,3809
280,BAHGFE,6,0.00256,True,3280
281,BAHGFED,7,0.00223,True,3953
282,BAHGFEDC,8,0.0019,True,939
283,BAHGFEDCB,9,0.00189,True,265
284,BAHGFEDCBA,10,0.00185,True,3291
285,BB,2,0.00614,True,3574
286,BBA,3,0.00435,True,3266
287,BBAA,4,0.00348,True,4418
288,BBAAA,5,0.00282,True,3821
289,BBAAAA,6,0.0026,True,1700
290,BBAAAAA,7,0.00219,True,2699
291,BBAAAAAA,8,0.00175,True,3768
292,BBAAAAAAA,9,0.00154,True,2953
293,BBAAAAAAAA,10,0.00139,True,2341
294,BBB,3,0.00392,True,3288
295,BBBA,4,0.00323,True,3352
296,BBBAA,5,0.00283,True,4389
297,BBBAAA,6,0.00246,True,1131
298,BBBAAAA,7,0.00201,True,2097
299,BBBAAAAA,8,0.00174,True,3626
300,BBBAAAAAA,9,0.00154,True,3651
301,BBBAAAAAAA,10,0.00138,True,2197
302,BBBB,4,0.00295,True,4421
303,BBBBA,5,0.00268,True,220
304,BBBBAA,6,0.00383,True,934
305,BBBBAAA,7,0.00199,True,2276
306,BBBBAAAA,8,0.00174,True,2496
307,BBBBAAAAA,9,0.00155,True,4873
308,BBBBAAAAAA,10,0.00139,True,2476
309,BBBBB,5,0.00236,True,706
310,BBBBBA,6,0.00215,True,3421
311,BBBBBAA,7,0.0027,True,602
312,BBBBBAAA,8,0.00172,True,3633
313,BBBBBAAAA,9,0.00154,True,2445
314,BBBBBAAAAA,10,0.00138,True,4756
315,BBBBBB,6,0.00197,True,212
316,BBBBBBA,7,0.00185,True,2607
317,BBBBBBAA,8,0.00169,True,966
318,BBBBBBAAA,9,0.00152,True,525
319,BBBBBBAAAA,10,0.00138,True,2228
320,BBBBBBB,7,0.00174,True,858
321,BBBBBBBA,8,0.00162,True,566
322,BBBBBBBAA,9,0.0015,True,4942
323,BBBBBBBAAA,10,0.00137,True,2469
324,BBBBBBBB,8,0.00147,True,4549
325,BBBBBBBBA,9,0.00144,True,1993
326,BBBBBBBBAA,10,0.00134,True,585
327,BBBBBBBBB,9,0.00131,True,2408
328,BBBBBBBBBA,10,0.0013,True,2691
329,C,1,0.01165,True,4183
330,CAC,3,0.00601,True,4178
331,CACA,4,0.00529,True,4262
332,CACAC,5,0.00434,True,2321
333,CACACA,6,0.00335,True,2945
334,CACACAC,7,0.00285,True,1228
335,CACACACA,8,0.00222,True,636
336,CACACACAC,9,0.0026,True,4912
337,CACACACACA,10,0.00204,True,3632
338,CACACACACAC,11,0.00411,True,1182
339,CACACACACACA,12,0.00143,True,3163
340,CACC,4,0.0042,True,4768
341,CACCC,5,0.00321,True,2466
342,CACCCC,6,0.00319,True,2771
343,CACCCCA,7,0.0028,True,2582
344,CACCCCAC,8,0.00239,True,4960
345,CACCCCACC,9,0.00206,True,4779
346,CACCCCACCC,10,0.0018,True,298
347,CACCCCACCCC,11,0.00165,True,4556
348,CACCCCACCCCA,12,0.00141,True,2104
349,CACCCCC,7,0.00213,True,989
350,CACCCCCC,8,0.00428,True,1879
351,CACCCCCCC,9,0.00312,True,2828
352,CACCCCCCCC,10,0.00285,True,1898
353,CACCCCCCCCC,11,0.00243,True,3241
354,CACCCCCCCCCA,12,0.0022,True,2959
355,CB,2,0.0085,True,3891
356,CBA,3,0.00498,True,2461
357,CBAG,4,0.0049,True,2679
358,CBAGF,5,0.00409,True,2743
359,CBAGFE,6,0.00316,True,2085
360,CBAGFED,7,0.0028,True,74
361,CBAGFEDC,8,0.00214,True,2531
362,CBAGFEDCB,9,0.00204,True,682
363,CBAGFEDCBA,10,0.00176,True,4124
364,CCA,3,0.00554,True,902
365,CCAC,4,0.00473,True,3168
366,CCACC,5,0.00364,True,1690
367,CCACCA,6,0.00278,True,3669
368,CCACCAC,7,0.00288,True,553
369,CCACCACC,8,0.00239,True,2416
370,CCACCACCA,9,0.00187,True,553
371,CCACCACCAC,10,0.00197,True,2990
372,CCACCACCACC,11,0.00177,True,2616
373,CCACCACCACCA,12,0.00141,True,4570
374,CCACCC,6,0.00276,True,89
375,CCACCCC,7,0.00232,True,4120
376,CCACCCCC,8,0.00198,True,1861
377,CCACCCCCC,9,0.00169,True,3003
378,CCACCCCCCC,10,0.00151,True,1050
379,CCACCCCCCCC,11,0.00136,True,2494
380,CCACCCCCCCCA,12,0.0014,True,906
381,CCC,3,0.00462,True,2371
382,CCCA,4,0.00454,True,1165
383,CCCAC,5,0.00378,True,469
384,CCCACC,6,0.00306,True,72
385,CCCACCC,7,0.00247,True,759
386,CCCACCCA,8,0.00208,True,361
387,CCCACCCAC,9,0.00214,True,3216
388,CCCACCCACC,10,0.00209,True,758
389,CCCACCCACCC,11,0.00169,True,4117
390,CCCACCCACCCA,12,0.00138,True,3185
391,CCCACCCC,8,0.00209,True,2418
392,CCCACCCCC,9,0.00177,True,120
393,CCCACCCCCC,10,0.00157,True,2988
394,CCCACCCCCCC,11,0.00142,True,1351
395,CCCACCCCCCCA,12,0.00138,True,1995
396,CCCC,4,0.00349,True,3728
397,CCCCA,5,0.00651,True,4162
398,CCCCAC,6,0.00316,True,4960
399,CCCCACC,7,0.00269,True,6
400,CCCCACCC,8,0.00256,True,3051
401,CCCCACCCC,9,0.00214,True,1056
402,CCCCACCCCC,10,0.00207,True,2056
403,CCCCACCCCCC,11,0.00151,True,3732
404,CCCCACCCCCCA,12,0.00234,True,3837
405,D,1,0.01693,True,1398
406,DC,2,0.00745,True,1213
407,DCB,3,0.00651,True,871
408,DCBA,4,0.0092,True,3807
409,DCBAF,5,0.004,True,4075
410,DCBAFE,6,0.00356,True,1712
411,DCBAFED,7,0.00259,True,1739
412,DCBAFEDC,8,0.00205,True,4084
413,DCBAFEDCB,9,0.00213,True,1308
414,DCBAFEDCBA,10,0.00154,True,4522
415,E,1,0.0234,True,4046
416,ED,2,0.00613,True,2598
417,EDC,3,0.0043,True,4567
418,EDCB,4,0.00353,True,4810
419,EDCBA,5,0.00308,True,1340
420,EDCBAE,6,0.00327,True,3614
421,EDCBAED,7,0.00251,True,3290
422,EDCBAEDC,8,0.00208,True,1661
423,EDCBAEDCB,9,0.00208,True,1612
424,EDCBAEDCBA,10,0.00157,True,2896
425,GCA,3,0.00696,True,1328
426,GCAG,4,0.00569,True,3545
427,GCAGC,5,0.00422,True,2777
428,GCAGCA,6,0.00325,True,3384
429,GCAGCAG,7,0.00347,True,2310
430,GCAGCAGC,8,0.00289,True,3281
431,GCAGCAGCA,9,0.00225,True,1273
432,GCAGCAGCAG,10,0.00248,True,2846
433,GCAGCAGCAGC,11,0.00215,True,3364
434,GCAGCAGCAGCA,12,0.00173,True,2158
435,J,1,0.01291,True,2814
436,JI,2,0.00628,True,4397
437,JIH,3,0.00439,True,1113
438,JIHG,4,0.00345,True,570
439,JIHGF,5,0.00293,True,2700
440,JIHGFE,6,0.00239,True,2597
441,JIHGFED,7,0.00202,True,2673
442,JIHGFEDC,8,0.00183,True,1772
443,JIHGFEDCB,9,0.00179,True,3224
444,JIHGFEDCBA,10,0.00174,True,3864
445,TGC,3,0.00577,True,2582
446,TGCA,4,0.00506,True,4033
447,TGCAT,5,0.00563,True,3912
448,TGCATG,6,0.00549,True,53
449,TGCATGC,7,0.00454,True,3951
450,TGCATGCA,8,0.00376,True,681
451,TGCATGCAT,9,0.00373,True,3802
452,TGCATGCATG,10,0.00411,True,3658
453,TGCATGCATGC,11,0.00352,True,4637
454,TGCATGCATGCA,12,0.00263,True,4357
455,TTGGCCA,7,0.0032,True,2099
456,TTGGCCAA,8,0.00305,True,1254
457,TTGGCCAAT,9,0.00339,True,127
458,TTGGCCAATT,10,0.00341,True,4863
459,TTGGCCAATTG,11,0.00389,True,4977
460,TTGGCCAATTGG,12,0.00339,True,2754
461,TTGGCCAATTGGC,13,0.003,True,738
462,TTGGCCAATTGGCC,14,0.00281,True,3889
463,TTGGCCAATTGGCCA,15,0.00246,True,1323
464,TTGGCCAATTGGCCAA,16,0.00245,True,3888
465,TTT,3,0.00581,True,4603
466,TTTC,4,0.00446,True,1134
467,TTTCC,5,0.00352,True,2103
468,TTTCCC,6,0.00283,True,224
469,TTTCCCC,7,0.00488,True,568
470,TTTCCCCG,8,0.00228,True,2418
471,TTTCCCCGG,9,0.00209,True,2395
472,TTTCCCCGGG,10,0.00184,True,3102
473,TTTCCCCGGGG,11,0.00165,True,3063
474,TTTCCCCGGGGA,12,0.00178,True,4656
475,TTTCCCCGGGGAA,13,0.00192,True,1844
476,TTTCCCCGGGGAAA,14,0.00197,True,4904
477,TTTCCCCGGGGAAAA,15,0.00163,True,1476
478,TTTCCCG,7,0.00279,True,2455
479,TTTCCCGG,8,0.00245,True,3409
480,TTTCCCGGG,9,0.00206,True,1432
481,TTTCCCGGGA,10,0.00224,True,2932
482,TTTCCCGGGAA,11,0.00234,True,246
483,TTTCCCGGGAAA,12,0.00343,True,4219
