,Query,Query Length,Time Taken,Search Successful,Position Placed
0,A,1,0.00787,True,4827
1,AA,2,0.00822,True,1702
2,AAA,3,0.0234,True,4166
3,AAAA,4,0.01957,True,4331
4,AAAAA,5,0.01668,True,4664
5,AAAAAA,6,0.01575,True,3768
6,AAAAAAA,7,0.01508,True,694
7,AAAAAAAA,8,0.01508,True,3187
8,AAAAAAAAA,9,0.02158,True,4984
9,AAAAAAAAAA,10,0.01466,True,4513
10,AAAAAAAAAB,10,0.013,True,3255
11,AAAAAAAAB,9,0.01298,True,1479
12,AAAAAAAABB,10,0.01247,True,965
13,AAAAAAAB,8,0.01328,True,121
14,AAAAAAABB,9,0.0128,True,3066
15,AAAAAAABBB,10,0.01748,True,3422
16,AAAAAAB,7,0.02084,True,4822
17,AAAAAABB,8,0.02587,True,4768
18,AAAAAABBB,9,0.01456,True,769
19,AAAAAABBBB,10,0.01318,True,4676
20,AAAAAB,6,0.01436,True,3228
21,AAAAABB,7,0.01521,True,3297
22,AAAAABBB,8,0.02015,True,1062
23,AAAAABBBB,9,0.01269,True,3162
24,AAAAABBBBB,10,0.01276,True,4329
25,AAAAB,5,0.01551,True,544
26,AAAABB,6,0.01466,True,4856
27,AAAABBB,7,0.01349,True,4180
28,AAAABBBB,8,0.01308,True,4548
29,AAAABBBBB,9,0.01268,True,750
30,AAAABBBBBB,10,0.01258,True,2164
31,AAAAGG,6,0.01682,True,4142
32,AAAAGGG,7,0.01545,True,3590
33,AAAAGGGG,8,0.01414,True,1047
34,AAAAGGGGC,9,0.01402,True,2782
35,AAAAGGGGCC,10,0.0136,True,2439
36,AAAAGGGGCCC,11,0.02079,True,1204
37,AAAAGGGGCCCC,12,0.01342,True,1850
38,AAAAGGGGCCCCT,13,0.01374,True,989
39,AAAAGGGGCCCCTT,14,0.01386,True,3021
40,AAAAGGGGCCCCTTT,15,0.02045,True,399
41,AAAB,4,0.01794,True,3212
42,AAABB,5,0.0154,True,339
43,AAABBB,6,0.01414,True,4406
44,AAABBBB,7,0.01366,True,3628
45,AAABBBBB,8,0.01313,True,4098
46,AAABBBBBB,9,0.01276,True,2995
47,AAABBBBBBB,10,0.01262,True,3652
48,AAACAAAAGAA,11,0.01405,True,2088
49,AAACAAAAGAAA,12,0.01401,True,803
50,AAACAAAAGAAAT,13,0.01577,True,2470
51,AAACAAAAGAAATA,14,0.01393,True,3327
52,AAACAAAAGAAATAA,15,0.0139,True,154
53,AAACAAAAGAAATAAA,16,0.0137,True,2215
54,AAACAAAAGAAATAAAC,17,0.01307,True,4650
55,AAACAAAAGAAATAAACA,18,0.01446,True,1973
56,AAACAAAAGAAATAAACAA,19,0.01344,True,715
57,AAACAAAAGAAATAAACAAA,20,0.01346,True,3900
58,AAACAAATAAA,11,0.01442,True,4782
59,AAACAAATAAAG,12,0.01323,True,3381
60,AAACAAATAAAGA,13,0.01466,True,2663
61,AAACAAATAAAGAA,14,0.0147,True,1629
62,AAACAAATAAAGAAA,15,0.01375,True,936
63,AAACAAATAAAGAAAA,16,0.01461,True,3667
64,AAACAAATAAAGAAAAC,17,0.0169,True,1716
65,AAACAAATAAAGAAAACA,18,0.01542,True,1396
66,AAACAAATAAAGAAAACAA,19,0.0216,True,4284
67,AAACAAATAAAGAAAACAAA,20,0.01937,True,1847
68,AAAG,4,0.01867,True,1202
69,AAAGG,5,0.01672,True,3061
70,AAAGGG,6,0.01492,True,3560
71,AAAGGGC,7,0.01527,True,2043
72,AAAGGGCC,8,0.01394,True,1093
73,AAAGGGCCC,9,0.01433,True,3153
74,AAAGGGCCCT,10,0.01418,True,4311
75,AAAGGGCCCTT,11,0.01411,True,3663
76,AAAGGGCCCTTT,12,0.01493,True,3931
77,AAB,3,0.02117,True,2309
78,AABB,4,0.01806,True,3252
79,AABBB,5,0.01533,True,4816
80,AABBBB,6,0.01434,True,4727
81,AABBBBB,7,0.01359,True,2056
82,AABBBBBB,8,0.01314,True,656
83,AABBBBBBB,9,0.01313,True,4070
84,AABBBBBBBB,10,0.02386,True,143
85,AACCGGT,7,0.01536,True,3466
86,AACCGGTT,8,0.01495,True,4049
87,AACCGGTTA,9,0.01463,True,4461
88,AACCGGTTAA,10,0.01453,True,2644
89,AACCGGTTAAC,11,0.01371,True,562
90,AACCGGTTAACC,12,0.01354,True,958
91,AACCGGTTAACCG,13,0.01376,True,4320
92,AACCGGTTAACCGG,14,0.01342,True,684
93,AACCGGTTAACCGGT,15,0.01481,True,4360
94,AACCGGTTAACCGGTT,16,0.01473,True,1763
95,AB,2,0.00806,True,4819
96,ABA,3,0.02403,True,700
97,ABAB,4,0.01753,True,4937
98,ABABA,5,0.02633,True,1209
99,ABABAB,6,0.02346,True,3322
100,ABABABA,7,0.01501,True,3811
101,ABABABAB,8,0.01409,True,1258
102,ABABABABA,9,0.01471,True,4653
103,ABABABABAB,10,0.01288,True,3213
104,ABB,3,0.02175,True,1868
105,ABBB,4,0.01752,True,2156
106,ABBBB,5,0.01716,True,1030
107,ABBBBB,6,0.01452,True,22
108,ABBBBBB,7,0.01468,True,1262
109,ABBBBBBB,8,0.01305,True,2923
110,ABBBBBBBB,9,0.0137,True,1970
111,ABBBBBBBBB,10,0.01373,True,2074
112,ABC,3,0.02256,True,555
113,ABCA,4,0.01866,True,2619
114,ABCAB,5,0.01544,True,878
115,ABCABC,6,0.01515,True,576
116,ABCABCA,7,0.01542,True,764
117,ABCABCAB,8,0.01927,True,2185
118,ABCABCABC,9,0.0208,True,4326
119,ABCABCABCA,10,0.0142,True,111
120,ABCD,4,0.02303,True,1810
121,ABCDA,5,0.01679,True,3781
122,ABCDAB,6,0.01461,True,2432
123,ABCDABC,7,0.01447,True,815
124,ABCDABCD,8,0.0133,True,3622
125,ABCDABCDA,9,0.01415,True,13
126,ABCDABCDAB,10,0.0126,True,2330
127,ABCDE,5,0.0155,True,4931
128,ABCDEA,6,0.01552,True,4037
129,ABCDEAB,7,0.02345,True,3315
130,ABCDEABC,8,0.01376,True,2099
131,ABCDEABCD,9,0.013,True,1708
132,ABCDEABCDE,10,0.01924,True,4773
133,ABCDEF,6,0.01485,True,3607
134,ABCDEFA,7,0.02154,True,4886
135,ABCDEFAB,8,0.01323,True,4029
136,ABCDEFABC,9,0.01444,True,2068
137,ABCDEFABCD,10,0.01827,True,2873
138,ABCDEFG,7,0.01433,True,3211
139,ABCDEFGA,8,0.02145,True,4364
140,ABCDEFGAB,9,0.01265,True,334
141,ABCDEFGABC,10,0.01373,True,4469
142,ABCDEFGH,8,0.01828,True,3460
143,ABCDEFGHA,9,0.0241,True,2697
144,ABCDEFGHAB,10,0.01967,True,4302
145,ABCDEFGHI,9,0.01709,True,490
146,ABCDEFGHIA,10,0.01427,True,3121
147,ABCDEFGHIJ,10,0.01297,True,568
148,AC,2,0.0083,True,3590
149,ACA,3,0.02333,True,3751
150,ACAC,4,0.02529,True,4682
151,ACACA,5,0.02423,True,4281
152,ACACAC,6,0.02243,True,3468
153,ACACACA,7,0.01507,True,2580
154,ACACACAC,8,0.02113,True,3176
155,ACACACACA,9,0.01432,True,3345
156,ACACACACAC,10,0.01375,True,3876
157,ACACACACACA,11,0.01387,True,639
158,ACACACACACAC,12,0.0133,True,2138
159,ACB,3,0.02158,True,4780
160,ACBA,4,0.01999,True,880
161,ACBAC,5,0.01659,True,1065
162,ACBACB,6,0.01571,True,4157
163,ACBACBA,7,0.01502,True,2792
164,ACBACBAC,8,0.01469,True,2966
165,ACBACBACB,9,0.01382,True,150
166,ACBACBACBA,10,0.01557,True,4099
167,ACC,3,0.02974,True,34
168,ACCA,4,0.02021,True,2200
169,ACCAC,5,0.01682,True,3515
170,ACCACC,6,0.01571,True,517
171,ACCACCA,7,0.02139,True,2605
172,ACCACCAC,8,0.01444,True,1013
173,ACCACCACC,9,0.01414,True,3301
174,ACCACCACCA,10,0.02154,True,4601
175,ACCACCACCAC,11,0.01361,True,1134
176,ACCACCACCACC,12,0.01367,True,4415
177,ACCC,4,0.01816,True,1962
178,ACCCA,5,0.02546,True,1125
179,ACCCAC,6,0.01544,True,103
180,ACCCACC,7,0.01615,True,3180
181,ACCCACCC,8,0.01687,True,2159
182,ACCCACCCA,9,0.02175,True,1441
183,ACCCACCCAC,10,0.01573,True,1354
184,ACCCACCCACC,11,0.01619,True,2291
185,ACCCACCCACCC,12,0.01651,True,3114
186,ACCCC,5,0.01667,True,2853
187,ACCCCA,6,0.01598,True,65
188,ACCCCAC,7,0.01459,True,1605
189,ACCCCACC,8,0.01423,True,2713
190,ACCCCACCC,9,0.01394,True,3475
191,ACCCCACCCC,10,0.02086,True,1851
192,ACCCCACCCCA,11,0.01409,True,4568
193,ACCCCACCCCAC,12,0.01346,True,4404
194,ACCCCACCCCC,11,0.01407,True,2619
195,ACCCCACCCCCA,12,0.01379,True,4057
196,ACCCCC,6,0.01554,True,2059
197,ACCCCCA,7,0.01864,True,1551
198,ACCCCCAC,8,0.01394,True,215
199,ACCCCCACC,9,0.01476,True,4532
200,ACCCCCACCC,10,0.02075,True,982
201,ACCCCCACCCC,11,0.01625,True,4276
202,ACCCCCACCCCA,12,0.01586,True,2472
203,ACCCCCC,7,0.02829,True,2974
204,ACCCCCCA,8,0.02625,True,488
205,ACCCCCCAC,9,0.01584,True,3824
206,ACCCCCCACC,10,0.01888,True,4684
207,ACCCCCCACCC,11,0.0236,True,4761
208,ACCCCCCACCCC,12,0.02525,True,295
209,ACCCCCCC,8,0.02807,True,4825
210,ACCCCCCCA,9,0.02703,True,1786
211,ACCCCCCCAC,10,0.02245,True,984
212,ACCCCCCCACC,11,0.02398,True,75
213,ACCCCCCCACCC,12,0.02531,True,1636
214,ACCCCCCCC,9,0.0161,True,2279
215,ACCCCCCCCA,10,0.01422,True,1977
216,ACCCCCCCCAC,11,0.01381,True,2930
217,ACCCCCCCCACC,12,0.01384,True,2004
218,ACCCCCCCCC,10,0.01804,True,3568
219,ACCCCCCCCCA,11,0.01486,True,3255
220,ACCCCCCCCCAC,12,0.01528,True,2063
221,ACCCCCCCCCC,11,0.02256,True,4242
222,ACCCCCCCCCCA,12,0.02143,True,3400
223,ACG,3,0.03432,True,3333
224,ACGA,4,0.02279,True,683
225,ACGAC,5,0.01987,True,913
226,ACGACG,6,0.01588,True,21
227,ACGACGA,7,0.01551,True,3628
228,ACGACGAC,8,0.01453,True,3726
229,ACGACGACG,9,0.01391,True,3363
230,ACGACGACGA,10,0.0143,True,4912
231,ACGACGACGAC,11,0.01361,True,3078
232,ACGACGACGACG,12,0.01345,True,922
233,ACGT,4,0.01866,True,4490
234,ACGTA,5,0.0174,True,457
235,ACGTAC,6,0.01586,True,2170
236,ACGTACG,7,0.01571,True,4891
237,ACGTACGT,8,0.01465,True,3606
238,ACGTACGTA,9,0.0165,True,791
239,ACGTACGTAC,10,0.01572,True,1462
240,ACGTACGTACG,11,0.01562,True,836
241,ACGTACGTACGT,12,0.01724,True,2397
242,AI,2,0.00852,True,617
243,AIH,3,0.02276,True,2627
244,AIHG,4,0.01837,True,114
245,AIHGF,5,0.01584,True,4636
246,AIHGFE,6,0.01465,True,3651
247,AIHGFED,7,0.01388,True,1421
248,AIHGFEDC,8,0.01433,True,3756
249,AIHGFEDCB,9,0.01331,True,787
250,AIHGFEDCBA,10,0.01444,True,3262
251,B,1,0.00748,True,2713
252,BA,2,0.00742,True,678
253,BAA,3,0.02012,True,1997
254,BAAA,4,0.01376,True,1163
255,BAAAA,5,0.01198,True,1581
256,BAAAAA,6,0.00943,True,4156
257,BAAAAAA,7,0.01382,True,1291
258,BAAAAAAA,8,0.00762,True,187
259,BAAAAAAAA,9,0.01141,True,3699
260,BAAAAAAAAA,10,0.00651,True,4520
261,BAB,3,0.02018,True,2876
262,BABA,4,0.01504,True,1601
263,BABAB,5,0.01124,True,2779
264,BABABA,6,0.00937,True,122
265,BABABAB,7,0.00839,True,2231
266,BABABABA,8,0.00766,True,4906
267,BABABABAB,9,0.00697,True,2338
268,BABABABABA,10,0.0066,True,1402
269,BAD,3,0.01915,True,3862
270,BADC,4,0.01342,True,4491
271,BADCB,5,0.01201,True,4218
272,BADCBA,6,0.00936,True,4442
273,BADCBAD,7,0.00843,True,1418
274,BADCBADC,8,0.00765,True,1111
275,BADCBADCB,9,0.00695,True,4717
276,BADCBADCBA,10,0.00664,True,1485
277,BAH,3,0.01863,True,3494
278,BAHG,4,0.01333,True,245
279,BAHGF,5,0.01167,True,93
280,BAHGFE,6,0.00918,True,4163
281,BAHGFED,7,0.0092,True,3867
282,BAHGFEDC,8,0.0079,True,4986
283,BAHGFEDCB,9,0.00763,True,4248
284,BAHGFEDCBA,10,0.00668,True,1256
285,BB,2,0.00722,True,4028
286,BBA,3,0.02856,True,3848
287,BBAA,4,0.01385,True,68
288,BBAAA,5,0.01693,True,3181
289,BBAAAA,6,0.00951,True,345
290,BBAAAAA,7,0.00885,True,1674
291,BBAAAAAA,8,0.00755,True,488
292,BBAAAAAAA,9,0.00728,True,1612
293,BBAAAAAAAA,10,0.00659,True,2788
294,BBB,3,0.019,True,4841
295,BBBA,4,0.01371,True,4722
296,BBBAA,5,0.01091,True,62
297,BBBAAA,6,0.00932,True,4654
298,BBBAAAA,7,0.00835,True,2972
299,BBBAAAAA,8,0.00752,True,3547
300,BBBAAAAAA,9,0.00705,True,2276
301,BBBAAAAAAA,10,0.00649,True,2506
302,BBBB,4,0.0139,True,1781
303,BBBBA,5,0.01127,True,453
304,BBBBAA,6,0.01625,True,1594
305,BBBBAAA,7,0.00914,True,3427
306,BBBBAAAA,8,0.0075,True,209
307,BBBBAAAAA,9,0.00718,True,1610
308,BBBBAAAAAA,10,0.00652,True,2730
309,BBBBB,5,0.01081,True,510
310,BBBBBA,6,0.00934,True,294
311,BBBBBAA,7,0.00832,True,4286
312,BBBBBAAA,8,0.00852,True,4146
313,BBBBBAAAA,9,0.00704,True,2628
314,BBBBBAAAAA,10,0.00651,True,1379
315,BBBBBB,6,0.01027,True,2656
316,BBBBBBA,7,0.00816,True,3985
317,BBBBBBAA,8,0.00848,True,2595
318,BBBBBBAAA,9,0.00688,True,4133
319,BBBBBBAAAA,10,0.00645,True,1127
320,BBBBBBB,7,0.00829,True,1656
321,BBBBBBBA,8,0.00751,True,3862
322,BBBBBBBAA,9,0.00694,True,2279
323,BBBBBBBAAA,10,0.0075,True,3461
324,BBBBBBBB,8,0.00746,True,4640
325,BBBBBBBBA,9,0.00716,True,1418
326,BBBBBBBBAA,10,0.00658,True,4073
327,BBBBBBBBB,9,0.00695,True,713
328,BBBBBBBBBA,10,0.00749,True,1108
329,C,1,0.00752,True,647
330,CAC,3,0.02362,True,4533
331,CACA,4,0.01727,True,4977
332,CACAC,5,0.01367,True,619
333,CACACA,6,0.01293,True,1447
334,CACACAC,7,0.01166,True,408
335,CACACACA,8,0.01154,True,2291
336,CACACACAC,9,0.01056,True,922
337,CACACACACA,10,0.01056,True,1551
338,CACACACACAC,11,0.01012,True,1002
339,CACACACACACA,12,0.01013,True,181
340,CACC,4,0.01612,True,3246
341,CACCC,5,0.01411,True,3916
342,CACCCC,6,0.0128,True,1824
343,CACCCCA,7,0.01222,True,4552
344,CACCCCAC,8,0.01628,True,2285
345,CACCCCACC,9,0.01153,True,2591
346,CACCCCACCC,10,0.01126,True,2235
347,CACCCCACCCC,11,0.0106,True,4417
348,CACCCCACCCCA,12,0.01484,True,2531
349,CACCCCC,7,0.01565,True,3727
350,CACCCCCC,8,0.01166,True,2597
351,CACCCCCCC,9,0.01213,True,3235
352,CACCCCCCCC,10,0.01145,True,3288
353,CACCCCCCCCC,11,0.01125,True,4047
354,CACCCCCCCCCA,12,0.01047,True,1212
355,CB,2,0.00829,True,4618
356,CBA,3,0.022,True,2977
357,CBAG,4,0.01605,True,1383
358,CBAGF,5,0.01459,True,938
359,CBAGFE,6,0.0118,True,422
360,CBAGFED,7,0.01088,True,1346
361,CBAGFEDC,8,0.01228,True,2847
362,CBAGFEDCB,9,0.01014,True,1580
363,CBAGFEDCBA,10,0.01163,True,98
364,CCA,3,0.02502,True,1670
365,CCAC,4,0.0163,True,4968
366,CCACC,5,0.01403,True,2751
367,CCACCA,6,0.01274,True,3657
368,CCACCAC,7,0.01259,True,943
369,CCACCACC,8,0.01088,True,3989
370,CCACCACCA,9,0.01098,True,4861
371,CCACCACCAC,10,0.01126,True,4454
372,CCACCACCACC,11,0.00991,True,4671
373,CCACCACCACCA,12,0.01022,True,1325
374,CCACCC,6,0.01235,True,469
375,CCACCCC,7,0.01157,True,4773
376,CCACCCCC,8,0.01092,True,2870
377,CCACCCCCC,9,0.01148,True,918
378,CCACCCCCCC,10,0.01019,True,3842
379,CCACCCCCCCC,11,0.01002,True,1687
380,CCACCCCCCCCA,12,0.01012,True,3578
381,CCC,3,0.02098,True,2244
382,CCCA,4,0.01713,True,2414
383,CCCAC,5,0.01379,True,1205
384,CCCACC,6,0.01342,True,2086
385,CCCACCC,7,0.0116,True,522
386,CCCACCCA,8,0.01161,True,1575
387,CCCACCCAC,9,0.01052,True,1286
388,CCCACCCACC,10,0.01051,True,4544
389,CCCACCCACCC,11,0.01003,True,654
390,CCCACCCACCCA,12,0.01022,True,1613
391,CCCACCCC,8,0.01096,True,2786
392,CCCACCCCC,9,0.01146,True,779
393,CCCACCCCCC,10,0.01019,True,2917
394,CCCACCCCCCC,11,0.00993,True,122
395,CCCACCCCCCCA,12,0.01006,True,1693
396,CCCC,4,0.01624,True,4829
397,CCCCA,5,0.01403,True,2457
398,CCCCAC,6,0.01295,True,2393
399,CCCCACC,7,0.01166,True,1494
400,CCCCACCC,8,0.01096,True,390
401,CCCCACCCC,9,0.01052,True,380
402,CCCCACCCCC,10,0.01074,True,4830
403,CCCCACCCCCC,11,0.00998,True,3854
404,CCCCACCCCCCA,12,0.01038,True,2007
405,D,1,0.00729,True,301
406,DC,2,0.00722,True,1486
407,DCB,3,0.01881,True,578
408,DCBA,4,0.01378,True,1884
409,DCBAF,5,0.01112,True,4193
410,DCBAFE,6,0.01079,True,2592
411,DCBAFED,7,0.00923,True,4922
412,DCBAFEDC,8,0.00754,True,1579
413,DCBAFEDCB,9,0.00695,True,4044
414,DCBAFEDCBA,10,0.0066,True,985
415,E,1,0.00726,True,1528
416,ED,2,0.00714,True,4762
417,EDC,3,0.0185,True,1843
418,EDCB,4,0.01349,True,2156
419,EDCBA,5,0.01085,True,2174
420,EDCBAE,6,0.00967,True,1370
421,EDCBAED,7,0.00829,True,545
422,EDCBAEDC,8,0.00817,True,616
423,EDCBAEDCB,9,0.00698,True,2870
424,EDCBAEDCBA,10,0.00661,True,3234
425,GCA,3,0.02055,True,632
426,GCAG,4,0.0175,True,3083
427,GCAGC,5,0.0144,True,905
428,GCAGCA,6,0.01523,True,674
429,GCAGCAG,7,0.01675,True,2542
430,GCAGCAGC,8,0.01141,True,2680
431,GCAGCAGCA,9,0.01182,True,310
432,GCAGCAGCAG,10,0.01114,True,996
433,GCAGCAGCAGC,11,0.01032,True,2344
434,GCAGCAGCAGCA,12,0.01074,True,1589
435,J,1,0.00729,True,3335
436,JI,2,0.00726,True,3176
437,JIH,3,0.01867,True,1042
438,JIHG,4,0.01366,True,4032
439,JIHGF,5,0.01249,True,2439
440,JIHGFE,6,0.00921,True,413
441,JIHGFED,7,0.00882,True,3791
442,JIHGFEDC,8,0.00766,True,2381
443,JIHGFEDCB,9,0.00705,True,2773
444,JIHGFEDCBA,10,0.00667,True,156
445,TGC,3,0.02269,True,4883
446,TGCA,4,0.01934,True,918
447,TGCAT,5,0.01715,True,2599
448,TGCATG,6,0.01556,True,533
449,TGCATGC,7,0.01486,True,3492
450,TGCATGCA,8,0.01504,True,1330
451,TGCATGCAT,9,0.0149,True,3778
452,TGCATGCATG,10,0.014,True,4610
453,TGCATGCATGC,11,0.01395,True,3918
454,TGCATGCATGCA,12,0.01469,True,70
455,TTGGCCA,7,0.01656,True,2389
456,TTGGCCAA,8,0.01509,True,858
457,TTGGCCAAT,9,0.01532,True,3353
458,TTGGCCAATT,10,0.01507,True,17
459,TTGGCCAATTG,11,0.01503,True,2191
460,TTGGCCAATTGG,12,0.01388,True,4787
461,TTGGCCAATTGGC,13,0.01535,True,2347
462,TTGGCCAATTGGCC,14,0.01382,True,3684
463,TTGGCCAATTGGCCA,15,0.01439,True,2512
464,TTGGCCAATTGGCCAA,16,0.0153,True,4718
465,TTT,3,0.02389,True,1474
466,TTTC,4,0.01778,True,2354
467,TTTCC,5,0.01643,True,3483
468,TTTCCC,6,0.01586,True,751
469,TTTCCCC,7,0.01962,True,1451
470,TTTCCCCG,8,0.01553,True,4943
471,TTTCCCCGG,9,0.01706,True,1744
472,TTTCCCCGGG,10,0.01695,True,2431
473,TTTCCCCGGGG,11,0.01715,True,3796
474,TTTCCCCGGGGA,12,0.01728,True,3740
475,TTTCCCCGGGGAA,13,0.02039,True,295
476,TTTCCCCGGGGAAA,14,0.02432,True,1341
477,TTTCCCCGGGGAAAA,15,0.01479,True,4195
478,TTTCCCG,7,0.01604,True,2201
479,TTTCCCGG,8,0.01494,True,1428
480,TTTCCCGGG,9,0.01464,True,2817
481,TTTCCCGGGA,10,0.01773,True,708
482,TTTCCCGGGAA,11,0.01829,True,1856
483,TTTCCCGGGAAA,12,0.01495,True,3872
